Movie Names,Directors,Cast,Language,Verdict,Year of Release,Action,Thriller,SciFi,Biography,Drama,History,Romance,Comedy,Crime,Adventure,Horror,Sport,Fantacy,War,Ratings,Votes,Worldwide Gross in Crores,Hit or Flop
Baahubali 2: The Conclusion,S.S. Rajamouli,"['Prabhas', 'Rana Daggubati', 'Anushka Shetty', 'Tamannaah Bhatia']",Telugu,All Time Blockbuster,2017,1,0,0,0,1,0,0,0,0,0,0,0,0,0,8.2,105531,1749,1
Secret Superstar,Advait Chandan,"['Zaira Wasim', 'Meher Vij', 'Raj Arjun', 'Aamir Khan']",Hindi,Blockbuster,2017,0,0,0,0,1,0,0,0,0,0,0,0,0,0,7.8,27522,830.8,1
Tiger Zinda Hai,Ali Abbas Zafar,"['Musa Muhammed Olayinka', 'Salman Khan', 'Katrina Kaif', 'Paresh Rawal', 'Anupriya Goenka']",Hindi,Blockbuster,2017,1,1,0,0,0,0,0,0,0,1,0,0,0,0,5.9,30693,562.5,1
Golmaal Again,Rohit Shetty,"['Ajay Devgn', 'Arshad Warsi', 'Tabu', 'Shreyas Talpade']",Hindi,Blockbuster,2017,1,0,0,0,0,0,0,1,0,0,0,0,0,0,4.9,9917,310.3,1
Hindi Medium,Saket Chaudhary,"['Irrfan Khan', 'Saba Qamar', 'Dishita Sehgal', 'Deepak Dobriyal']",Hindi,Blockbuster,2017,0,0,0,0,1,0,0,1,0,0,0,0,0,0,7.8,30211,304,1
Toilet - Ek Prem Katha,Shree Narayan Singh,"['Akshay Kumar', 'Anupam Kher', 'Bhumi Pednekar', 'Sana Khan']",Hindi,Hit,2017,0,0,0,0,1,0,1,1,0,0,0,0,0,0,7.1,22202,290.2,1
Raees,Rahul Dholakia,"['Shah Rukh Khan', 'Sunny Leone', 'Nawazuddin Siddiqui', 'Jaideep Ahlawat']",Hindi,Above Average,2017,1,0,0,0,1,0,0,0,1,0,0,0,0,0,6.6,47055,275,0
Mersal,Atlee,"['Joseph Vijay', 'Nithya Menen', 'S.J. Suryah', 'Samantha Ruth Prabhu']",Tamil,Hit,2017,1,1,0,0,0,0,0,0,0,0,0,0,0,0,7.5,36018,246.9,1
Tubelight,Kabir Khan,"['Salman Khan', 'Sohail Khan', 'Om Puri', 'Mohd. Zeeshan Ayyub']",Hindi,Disaster,2017,0,0,0,0,1,0,0,0,0,0,0,0,0,1,3.9,20937,214,0
Judwaa 2,David Dhawan,"['Varun Dhawan', 'Abhinay Raj Singh', 'Jacqueline Fernandez', 'Taapsee Pannu']",Hindi,Super Hit,2017,1,0,0,0,0,0,0,1,0,0,0,0,0,0,3.6,11155,205.5,1
Badrinath Ki Dulhania,Shashank Khaitan,"['Varun Dhawan', 'Alia Bhatt', 'Sahil Vaid', 'Swanand Kirkire']",Hindi,Super Hit,2017,0,0,0,0,1,0,1,1,0,0,0,0,0,0,6.1,12745,198,1
Jolly LLB 2,Subhash Kapoor,"['Akshay Kumar', 'Huma Qureshi', 'Saurabh Shukla', 'Annu Kapoor']",Hindi,Hit,2017,0,0,0,0,1,0,0,1,0,0,0,0,0,0,7.2,26115,182,1
Khaidi No. 150,V.V. Vinayak,"['Chiranjeevi', 'Kajal Aggarwal', 'Tarun Arora', 'Mohammad Ali']",Telugu,Hit,2017,1,0,0,0,1,0,1,0,0,0,0,0,0,0,5.9,3872,161.5,1
Mom,Ravi Udyawar,"['Abhinay Raj Singh', 'Sridevi', 'Sajal Ali', 'Akshaye Khanna']",Hindi,Hit,2017,0,1,0,0,1,0,0,0,1,0,0,0,0,0,7.2,11079,158.6,1
Kaabil,Sanjay Gupta,"['Hrithik Roshan', 'Yami Gautam', 'Ronit Roy', 'Rohit Roy']",Hindi,Average,2017,1,0,0,0,1,0,0,0,1,0,0,0,0,0,7.1,27793,155.4,0
Jab Harry Met Sejal,Imtiaz Ali,"['Shah Rukh Khan', 'Anushka Sharma', 'Björn Freiberg', 'Bruce Huther']",Hindi,Flop,2017,0,0,0,0,1,0,1,1,0,0,0,0,0,0,5.1,21564,147,0
Jai Lava Kusa,K.S. Ravindra,"['N.T. Rama Rao Jr.', 'Raashi Khanna', 'Nivetha Thomas', 'Ronit Roy']",Telugu,Average,2017,1,1,0,0,1,0,0,0,0,0,0,0,0,0,6.8,6205,127.9,0
Vivegam,Siva,"['Ajith Kumar', 'Vivek Oberoi', 'Kajal Aggarwal', 'Akshara Haasan']",Tamil,Below Average,2017,1,1,0,0,0,0,0,0,0,0,0,0,0,0,5.2,12616,124.6,0
Spyder,A.R. Murugadoss,"['Mahesh Babu', 'Rakul Preet Singh', 'S.J. Suryah', 'Veera Ravi Kumar Yalla']",Telugu,Disaster,2017,1,1,0,0,0,0,0,0,1,0,0,0,0,0,6.3,10792,119.3,0
Duvvada Jagannadham,Harish Shankar,"['Allu Arjun', 'Pooja Hegde', 'Rao Ramesh', 'Subbaraju']",Telugu,Above Average,2017,1,0,0,0,0,0,0,1,1,0,0,0,0,0,5.9,5527,114.8,0
Singam 3,Hari,"['P.H. Kumanan', 'Suriya', 'Anushka Shetty', 'Shruti Haasan', 'Thakur Anoop Singh']",Tamil,Below Average,2017,1,1,0,0,0,0,0,0,1,0,0,0,0,0,6,6769,111.9,0
Bairavaa,Bharathan,"['Joseph Vijay', 'Keerthy Suresh', 'Jagapathi Babu', 'Daniel Balaji']",Tamil,Average,2017,1,1,0,0,0,0,0,0,0,0,0,0,0,0,5.8,10997,110.5,0
Half Girlfriend,Mohit Suri,"['Shraddha Kapoor', 'Vikrant Massey', 'Arjun Kapoor', 'Adam Davenport']",Hindi,Hit,2017,0,0,0,0,1,0,1,0,0,0,0,0,0,0,4.6,7555,107.5,1
Fukrey Returns,Mrighdeep Lamba,"['Pulkit Samrat', 'Varun Sharma', 'Ali Fazal', 'Manjot Singh']",Hindi,Super Hit,2017,0,0,0,0,0,0,0,1,0,0,0,0,0,0,6.5,5704,107,1
Baadshaho,Milan Luthria,"['Ajay Devgn', ""Ileana D'Cruz"", 'Emraan Hashmi', 'Esha Gupta']",Hindi,Average,2017,1,1,0,0,0,0,0,0,0,1,0,0,0,0,4.9,5051,106.3,0
Katamarayudu,Kishore Kumar Pardasani,"['Pawan Kalyan', 'Shruti Haasan', 'Ajay', 'Rao Ramesh']",Telugu,Flop,2017,1,0,0,0,0,0,0,1,0,0,0,0,0,0,5.5,2485,100.6,0
Mubarakan,Anees Bazmee,"['Anil Kapoor', 'Arjun Kapoor', ""Ileana D'Cruz"", 'Athiya Shetty']",Hindi,Hit,2017,0,0,0,0,0,0,1,1,0,0,0,0,0,0,5.6,4149,92.5,1
Jagga Jasoos,Anurag Basu,"['Shubzz', 'Ranbir Kapoor', 'Katrina Kaif', 'Saswata Chatterjee', 'Chitrak Bandyopadhyay']",Hindi,Flop,2017,1,0,0,0,0,0,0,1,0,1,0,0,0,0,6.3,10824,89.5,0
Fidaa,Sekhar Kammula,"['Sai Pallavi', 'Varun Tej', 'Sarah Uriarte Berry', 'Harshvardhan Rane']",Telugu,Blockbuster,2017,0,0,0,0,1,0,1,1,0,0,0,0,0,0,7.4,5062,87.8,1
Sachin,James Erskine,"['Sachin Tendulkar', 'Mikail Gandhi', 'Anjali Tendulkar', 'Mayur More']",Hindi,Hit,2017,0,0,0,0,0,0,0,0,0,0,0,1,0,0,8.5,8179,85.6,1
Velaikkaran,Mohan Raja,"['Sivakarthikeyan', 'Fahadh Faasil', 'Nayanthara', 'Prakash Raj']",Tamil,Average,2017,1,1,0,0,1,0,0,0,0,0,0,0,0,0,7.2,4258,84.5,0
Gautamiputra Satakarni,Radha Krishna Jagarlamudi,"['Nandamuri Balakrishna', 'Hema Malini', 'Shriya Saran', 'Kabir Bedi']",Telugu,Hit,2017,1,0,0,0,0,1,0,0,0,0,0,0,0,0,6.4,2614,80.7,1
MCA Middle Class Abbayi,Venu Sriram,"['Nani', 'Sai Pallavi', 'Bhoomika Chawla', 'Rajeev Kanakala']",Telugu,Super Hit,2017,1,0,0,0,0,0,0,1,0,0,0,0,0,0,6,2690,72.6,1
Raajakumara,Santhosh Ananddram,"['Puneeth Rajkumar', 'Priya Anand', 'R. Sarathkumar', 'Vijayalakshmi Singh']",Kannada,All Time Blockbuster,2017,1,0,0,0,1,0,0,0,0,0,0,0,0,0,7.8,4096,71,1
Shubh Mangal Saavdhan,R.S. Prasanna,"['Ayushmann Khurrana', 'Bhumi Pednekar', 'Seema Pahwa', 'Anshul Chauhan']",Hindi,Hit,2017,0,0,0,0,0,0,1,1,0,0,0,0,0,0,6.9,10605,63.4,1
The Ghazi Attack,Sankalp Reddy,"['Rana Daggubati', 'Kay Kay Menon', 'Atul Kulkarni', 'Om Puri']",Telugu,Super Hit,2017,1,1,0,0,0,0,0,0,0,0,0,0,0,1,7.5,13975,63,1
Vikram Vedha,Gayatri,"['Pushkar', 'Gowtham Selvaraj', 'Madhavan', 'Vijay Sethupathi', 'Shraddha Srinath', 'Kathir']",Tamil,Blockbuster,2017,1,0,0,0,1,0,0,0,1,0,0,0,0,0,8.2,46995,62.5,1
Nenu Local,Trinadha Rao Nakkina,"['Nani', 'Keerthy Suresh', 'Naveen Chandra', 'Sachin Khedekar']",Telugu,Blockbuster,2017,1,0,0,0,0,0,1,1,0,0,0,0,0,0,6.4,2658,60,1
Ninnu Kori,Shiva Nirvana,"['Nani', 'Nivetha Thomas', 'Aadhi', 'Tanikella Bharani']",Telugu,Blockbuster,2017,0,0,0,0,0,0,1,1,0,0,0,0,0,0,7.5,3527,59.1,1
Theeran Adhigaaram Ondru,H. Vinoth,"['Karthi', 'Rakul Preet Singh', 'Abhimanyu Singh', 'Bose Venkat']",Tamil,Hit,2017,1,1,0,0,0,0,0,0,1,0,0,0,0,0,8.2,15601,59,1
Raja the Great,Anil Ravipudi,"['Ravi Teja', 'Mehreen Pirzada', 'Vivan Bhatena', 'Radhika Sarathkumar']",Telugu,Hit,2017,1,0,0,0,0,0,0,1,0,0,0,0,0,0,6.3,2106,56.6,1
Shatamanam Bhavati,Satish Vegesna,"['Sharwanand', 'Anupama Parameswaran', 'Prakash Raj', 'Jayasudha']",Telugu,Blockbuster,2017,0,0,0,0,1,0,0,0,0,0,0,0,0,0,7,1468,55,1
Bareilly Ki Barfi,Ashwiny Iyer Tiwari,"['Ayushmann Khurrana', 'Kriti Sanon', 'Rajkummar Rao', 'Pankaj Tripathi']",Hindi,Hit,2017,0,0,0,0,0,0,1,1,0,0,0,0,0,0,7.5,24438,54.5,1
Velaiilla Pattadhari 2,Soundarya Rajinikanth Vishagan,"['Dhanush', 'Kajol', 'Amala Paul', 'Vivek']",Tamil,Flop,2017,1,0,0,0,0,0,0,1,0,0,0,0,0,0,5.4,2838,54.5,0
Naam Shabana,Shivam Nair,"['Taapsee Pannu', 'Akshay Kumar', 'Manoj Bajpayee', 'Taher Shabbir']",Hindi,Below Average,2017,1,1,0,0,1,0,0,0,0,0,0,0,0,0,6.2,7091,54,0
Phillauri,Anshai Lal,"['Anushka Sharma', 'Diljit Dosanjh', 'Suraj Sharma', 'Mehreen Pirzada']",Hindi,Average,2017,0,0,0,0,1,0,0,1,0,0,0,0,0,0,6,3976,52,0
Arjun Reddy,Sandeep Reddy Vanga,"['Vijay Deverakonda', 'Shalini Pandey', 'Jia Sharma', 'Kanchana']",Telugu,Blockbuster,2017,1,0,0,0,1,0,1,0,0,0,0,0,0,0,8,26170,51.5,1
Munna Michael,Sabir Khan,"['Tiger Shroff', 'Nidhhi Agerwal', 'Nawazuddin Siddiqui', 'Mohammad Farman Ali']",Hindi,Below Average,2017,1,0,0,0,1,0,0,0,0,0,0,0,0,0,3.4,3683,51.1,0
Rarandoi Veduka Chudham,Kalyan Krishna,"['Rakul Preet Singh', 'Avantika', 'Naga Chaitanya Akkineni', 'Vennela Kishore']",Telugu,Super Hit,2017,1,0,0,0,0,0,1,0,0,0,0,0,0,0,5.6,874,51,1
Nene Raju Nene Mantri,Teja,"['Mahesh Achanta', 'Kajal Aggarwal', 'Ajay', 'Rajsekhar Aningi']",Telugu,Super Hit,2017,1,1,0,0,0,0,0,0,0,0,0,0,0,0,5.8,1508,50,1
Tumhari Sulu,Suresh Triveni,"['Vidya Balan', 'Manav Kaul', 'Neha Dhupia', 'Vijay Maurya']",Hindi,Hit,2017,0,0,0,0,1,0,0,1,0,0,0,0,0,0,7,5358,50,1
Velaikkaran,Mohan Raja,"['Sivakarthikeyan', 'Fahadh Faasil', 'Nayanthara', 'Prakash Raj']",Tamil,Average,2017,1,1,0,0,1,0,0,0,0,0,0,0,0,0,7.2,4258,84.5,0
Nene Raju Nene Mantri,Teja,"['Mahesh Achanta', 'Kajal Aggarwal', 'Ajay', 'Rajsekhar Aningi']",Telugu,Super Hit,2017,1,1,0,0,0,0,0,0,0,0,0,0,0,0,5.8,1508,50,1
Munthirivallikal Thalirkkumbol,Jibu Jacob,"['Mohanlal', 'Meena', 'Aima Sebastian', 'Sanoop Santhosh']",Malayalam,Blockbuster,2017,0,0,0,0,0,0,1,1,0,0,0,0,0,0,6.9,2622,49,1
Anjaniputra,Harsha,"['Puneeth Rajkumar', 'Rashmika Mandanna', 'Ramya Krishnan', 'Mukesh Tiwari']",Kannada,Super Hit,2017,1,0,0,0,0,0,1,0,0,0,0,0,0,0,5.9,837,45.5,1
Hebbuli,S Krishna,"['Rudresh M. Gowda', 'V. Ravichandran', 'Sudeep', 'Amala Paul', 'Ravi Kishan']",Kannada,Blockbuster,2017,1,1,0,0,1,0,0,0,0,0,0,0,0,0,6.7,2724,45,1
Mahanubhavudu,Maruthi Dasari,"['Sharwanand', 'Mehreen Pirzada', 'Nasser', 'Kalyani Natarajan']",Telugu,Super Hit,2017,0,0,0,0,1,0,1,1,0,0,0,0,0,0,6.4,1010,44.5,1
Guru,Gagan Bhullar,"['Sudha Kongara', 'Venkatesh Daggubati', 'Ritika Singh', 'Mumtaz Sorcar', 'Nassar']",Telugu,Super Hit,2017,1,0,0,0,1,0,0,0,0,0,0,1,0,0,7.7,816,44,1
The Great Father,Haneef Adeni,"['Mammootty', 'Arya', 'Sneha', 'Anikha Surendran']",Malayalam,Super Hit,2017,1,0,0,0,1,0,0,0,1,0,0,0,0,0,6.9,7781,43.5,1
Sivalinga,P. Vasu,"['Raghava Lawrence', 'Ritika Singh', 'Shakthi Vasudevan', 'Vadivelu']",Tamil,Below Average,2017,0,0,0,0,0,0,0,1,0,0,1,0,0,0,4.7,545,42,0
Ezra,Jay.k,"['Prithviraj Sukumaran', 'Priya Anand', 'Tovino Thomas', 'Sujith Shanker']",Malayalam,Super Hit,2017,0,1,0,0,0,0,0,0,0,0,1,0,0,0,6.6,2898,41,1
Kaatru Veliyidai,Mani Ratnam,"['Karthi', 'Aditi Rao Hydari', 'Shraddha Srinath', 'RJ Balaji']",Tamil,Below Average,2017,1,0,0,0,1,0,1,0,0,0,0,0,0,0,5.8,2263,41,0
Ramaleela,Arun Gopy,"['Dileep', 'Prayaga Martin', 'Radhika Sarathkumar', 'Kalabhavan Shajohn']",Malayalam,Blockbuster,2017,0,1,0,0,1,0,0,0,0,0,0,0,0,0,7.3,2430,40.5,1
Aval,Milind Rau,"['Prakash Belawadi', 'Khushi Hajare', 'Andrea Jeremiah', 'Atul Kulkarni']",Tamil,Super Hit,2017,0,0,0,0,0,0,0,0,0,0,1,0,0,0,6.7,2549,39,1
Raju Gari Gadhi 2,Omkar,"['Samantha Ruth Prabhu', 'Nagarjuna Akkineni', 'Vennela Kishore', 'Abhinaya']",Telugu,Average,2017,0,1,0,0,0,0,0,1,0,0,1,0,0,0,5.3,849,38,0
Jaya Janaki Nayaka,Boyapati Srinu,"['Sai Srinivas Bellamkonda', 'Rakul Preet Singh', 'Jagapathi Babu', 'Pragya Jaiswal']",Telugu,Flop,2017,1,0,0,0,0,0,1,0,0,0,0,0,0,0,5.2,1100,37.3,0
Jomonte Suvisheshangal,Sathyan Anthikad,"['Dulquer Salmaan', 'Mukesh', 'Aishwarya Rajesh', 'Jacob Gregory']",Malayalam,Super Hit,2017,0,0,0,0,1,0,0,1,0,0,0,0,0,0,6.6,3249,36,1
Paisa Vasool,Puri Jagannadh,"['Nandamuri Balakrishna', 'Shriya Saran', 'Musskan Sethi', 'Vikramjeet Virk']",Telugu,Flop,2017,1,0,0,0,0,0,0,1,0,0,0,0,0,0,4.4,803,35,0
Aadu 2,Midhun Manuel Thomas,"['Jayasurya', 'Saiju Kurup', 'Dharmajan Bolgatty', 'Bhagath Baby Manuel']",Malayalam,Blockbuster,2017,0,0,0,0,0,0,0,1,0,0,0,0,0,0,7,2216,34.5,1
Thupparivaalan,Mysskin,"['Vishal', 'Simran', 'Prasanna', 'Vinay Rai']",Tamil,Hit,2017,1,1,0,0,0,0,0,0,1,0,0,0,0,0,7.5,5087,33.6,1
Hello,Vikram K. Kumar,"['Akhil Akkineni', 'Kalyani Priyadarshan', 'Jagapathi Babu', 'Ramya Krishnan']",Telugu,Flop,2017,1,0,0,0,0,0,1,0,0,0,0,0,0,0,7.3,2542,32.8,0
Vunnadhi Okate Zindagi,Thirumala Kishore,"['Ram Pothineni', 'Sree Vishnu', 'Lavanya Tripathi', 'Anupama Parameswaran']",Telugu,Below Average,2017,0,0,0,0,1,0,0,0,0,0,0,0,0,0,6.4,1227,31,0
Goutham Nanda,Sampath Nandi,"['Gopichand', 'Hansika Motwani', 'Catherine Tresa', 'Mukesh Rishi']",Telugu,Below Average,2017,1,1,0,0,1,0,0,0,0,0,0,0,0,0,6.4,911,30,0
Kavan,K.V. Anand,"['Vijay Sethupathi', 'Madonna Sebastian', 'Thesingu Rajendar', 'Bose Venkat']",Tamil,Super Hit,2017,1,1,0,0,1,0,0,0,0,0,0,0,0,0,7.1,2608,30,1
Chakravarthy,Chinthan,"['Darshan Thoogudeep', 'Deepa Sannidhi', 'Kumar Bangarappa', 'Aditya']",Kannada,Average,2017,1,0,0,0,0,0,0,0,1,0,0,0,0,0,6.3,1053,29,0
Motta Shiva Ketta Shiva,Sai Ramani,"['Raghava Lawrence', 'Nikki Galrani', 'Sathyaraj', 'Ashutosh Rana']",Tamil,Below Average,2017,1,0,0,0,0,0,0,0,0,0,0,0,0,0,3.5,493,28.6,0
CIA: Comrade in America,Amal Neerad,"['Dulquer Salmaan', 'Karthika Muraleedharan', 'Siddique', 'Chandini Sreedharan']",Malayalam,Super Hit,2017,1,0,0,0,1,0,0,0,0,1,0,0,0,0,6.4,3277,27.5,1
Take Off,Mahesh Narayanan,"['Parvathy Thiruvothu', 'Fahadh Faasil', 'Kunchacko Boban', 'Prakash Belawadi']",Malayalam,Super Hit,2017,1,1,0,0,1,0,0,0,0,0,0,0,0,0,8.1,6587,27,1
Winner,Gopichand Malineni,"['Sai Dharam Tej', 'Rakul Preet Singh', 'Jagapathi Babu', 'Adarsh']",Telugu,Disaster,2017,1,0,0,0,1,0,0,0,0,0,0,0,0,0,4.6,462,27,0
Bogan,Lakshman,"['Jayam Ravi', 'Arvind Swami', 'Hansika Motwani', 'Nassar']",Tamil,Average,2017,1,1,0,0,0,0,0,0,0,0,0,0,0,0,6.4,1939,26,0
Njandukalude Naattil Oridavela,Althaf Salim,"['Nivin Pauly', 'Shantikrishna', 'Lal', 'Aishwarya Lekshmi']",Malayalam,Hit,2017,0,0,0,0,0,0,1,1,0,0,0,0,0,0,7,1779,25.6,1
Velipadinte Pusthakam,Lal Jose,"['Mohanlal', 'Anoop Menon', 'Arun Kurian', 'Sarath Kumar']",Malayalam,Hit,2017,1,0,0,0,1,0,0,1,0,0,0,0,0,0,4.4,1466,25.3,1
Tarak,Prakash,"['Abbey Abimbola', 'Avinash', 'Devaraj', 'Sruthi Hariharan']",Kannada,Hit,2017,1,0,0,0,1,0,1,0,0,0,0,0,0,0,6.7,686,25.2,1
Parava,Soubin Shahir,"['Amal Shah', 'Govind V. Pai', 'Dulquer Salmaan', 'Shane Nigam']",Malayalam,Super Hit,2017,1,0,0,0,1,0,0,1,0,0,0,0,0,0,8,4291,25.1,1
Mufti,Narthan,"['Shivarajkumar', 'Prakash Belawadi', 'Shanvi Srivastava', 'Chaya Singh']",Kannada,Above Average,2017,1,1,0,0,1,0,0,0,0,0,0,0,0,0,7.9,1895,25.1,0
Om Namo Venkatesaya,K. Raghavendra Rao,"['Nagarjuna Akkineni', 'Saurabh Raj Jain', 'Anushka Shetty', 'Jagapathi Babu']",Telugu,Disaster,2017,0,0,0,1,0,0,0,0,0,0,0,0,0,0,7.2,332,25,0
Villain,B. Unnikrishnan,"['Mohanlal', 'Vishal', 'Manju Warrier', 'Meka Srikanth']",Malayalam,Below Average,2017,1,1,0,0,0,0,0,0,1,0,0,0,0,0,6.1,2533,24.6,0
Meesaya murukku,Hiphop Tamizha Adhi,"['Hiphop Tamizha Adhi', 'Aathmika', 'Ma ka Pa Anand', 'Thameem Ansari']",Tamil,Blockbuster,2017,0,0,0,1,1,0,0,1,0,0,0,0,0,0,7.5,2640,24.4,1
Thondimuthalum Dhriksakshiyum,Dileesh Pothan,"['Fahadh Faasil', 'Suraj Venjaramoodu', 'Nimisha Sajayan', 'Alencier Ley Lopez']",Malayalam,Blockbuster,2017,0,1,0,0,1,0,0,0,1,0,0,0,0,0,8.1,6883,23,1
Masterpiece,Ajai Vasudev,"['Mammootty', 'Megha Mathew', 'Mahima Nambiar', 'Saju Navodaya']",Malayalam,Above Average,2017,1,0,0,0,0,0,0,0,1,0,0,0,0,0,5.5,2427,23,0
Adam Joan,Jinu Abraham,"['Prithviraj Sukumaran', 'Narain', 'Rahul Madhav', 'Bhavana']",Malayalam,Above Average,2017,0,1,0,0,0,0,1,0,0,0,0,0,0,0,6.4,1712,22.8,0
Chamak,Suni,"['Ganesh', 'Rashmika Mandanna', 'Sanjana Shetty', 'Raj Surya']",Kannada,Blockbuster,2017,0,0,0,0,0,0,0,1,0,0,0,0,0,0,6.7,777,22.5,1
Angamaly Diaries,Lijo Jose Pellissery,"['Antony Varghese', 'Reshma Rajan', 'Binny Rinky Benjamin', 'Amrutha Anna Reji']",Malayalam,Blockbuster,2017,1,1,0,0,0,0,0,1,0,0,0,0,0,0,7.9,6342,22,1
Keshava,Sudheer Varma,"['Nikhil Siddharth', 'Ritu Varma', 'Isha Koppikar', 'Ajay']",Telugu,Average.,2017,1,1,0,0,1,0,0,0,0,0,0,0,0,0,6.2,562,22,0
Bharjari,Chethan Kumar,"['Dhruva Sarja', 'Rachita Ram', 'Haripriya', 'Anil']",Kannada,Blockbuster,2017,1,0,0,0,0,0,1,1,0,0,0,0,0,0,5,177,21.5,1
Sakhavu,Sidhartha Siva,"['Nivin Pauly', 'Aishwarya Rajesh', 'Aparna Gopinath', 'Binu Pappu']",Malayalam,Hit,2017,0,0,0,0,1,0,0,1,0,0,0,0,0,0,6.1,1482,21,1
Oru Mexican Aparatha,Tom Emmatty,"['Tovino Thomas', 'Neeraj Madhav', 'Roopesh Peethambaran', 'Manesh Krishnan']",Malayalam,Blockbuster,2017,1,1,0,0,0,0,0,0,0,0,0,0,0,0,5.8,1346,20,1
Godha,Basil Joseph,"['Tovino Thomas', 'Renji Panicker', 'Wamiqa Gabbi', 'Aju Varghese']",Malayalam,Super Hit,2017,0,0,0,0,1,0,0,1,0,0,0,1,0,0,7.4,2379,20,1
2,S. Shankar,"['Bheema Dagla', 'Rajinikanth', 'Akshay Kumar', 'Amy Jackson']",Tamil,Average ,2018,1,1,1,0,0,0,0,0,0,0,0,0,0,0,6.1,25512,647.7,1
Sanju,Rajkumar Hirani,"['Ranbir Kapoor', 'Paresh Rawal', 'Manisha Koirala', 'Vicky Kaushal']",Hindi,Blockbuster,2018,0,0,0,1,1,0,0,1,0,0,0,0,0,0,7.6,56576,580.1,1
Padmaavat,Sanjay Leela Bhansali,"['Deepika Padukone', 'Ranveer Singh', 'Shahid Kapoor', 'Aditi Rao Hydari']",Hindi,Blockbuster,2018,0,0,0,0,1,1,1,0,0,0,0,0,0,0,7,34205,560.7,1
Andhadhun,Sriram Raghavan,"['Tabu', 'Ayushmann Khurrana', 'Radhika Apte', 'Anil Dhawan']",Hindi,Blockbuster,2018,0,1,0,0,0,0,0,0,1,0,0,0,0,0,8.2,96316,410.2,1
Simmba,Rohit Shetty,"['Ranveer Singh', 'Sara Ali Khan', 'Sonu Sood', 'Ashutosh Rana']",Hindi,Blockbuster,2018,1,0,0,0,1,0,0,0,1,0,0,0,0,0,5.5,21273,387,1
Thugs of Hindostan,Vijay Krishna Acharya,"['Aamir Khan', 'Amitabh Bachchan', 'Katrina Kaif', 'Lloyd Owen']",Hindi,Disaster,2018,1,0,0,0,0,0,0,0,0,1,0,0,0,0,4,21333,317.7,0
Race 3,Remo D'Souza,"['Anil Kapoor', 'Salman Khan', 'Bobby Deol', 'Jacqueline Fernandez']",Hindi,Flop,2018,1,1,0,0,0,0,0,0,1,0,0,0,0,0,1.9,47282,302,0
Baaghi 2,Ahmed Khan,"['Disha Patani', 'Manoj Bajpayee', 'Tiger Shroff', 'Jacqueline Fernandez']",Hindi,Blockbuster,2018,1,0,0,0,1,0,0,0,1,0,0,0,0,0,4.8,11176,251.1,1
Sarkar,A.R. Murugadoss,"['Joseph Vijay', 'Varalaxmi Sarathkumar', 'Yogi Babu', 'Keerthy Suresh']",Tamil,Above Average,2018,1,0,0,0,1,0,0,0,0,0,0,0,0,0,6.7,20765,249.3,0
K.G.F: Chapter 1,Prashanth Neel,"['Yash', 'Srinidhi Shetty', 'Ramachandra Raju', 'Archana Jois']",Kannada,All Time Blockbuster,2018,1,0,0,0,1,0,0,0,1,0,0,0,0,0,8.2,90435,226.1,1
Badhaai ho,Amit Ravindernath Sharma,"['Ayushmann Khurrana', 'Neena Gupta', 'Gajraj Rao', 'Sanya Malhotra']",Hindi,Blockbuster,2018,0,0,0,0,1,0,0,1,0,0,0,0,0,0,7.9,35769,225,1
Hichki,Malhotra P. Siddharth,"['Rani Mukerji', 'Rohit Saraf', 'Harsh Mayar', 'Jannat Zubair Rahmani']",Hindi,Super Hit,2018,0,0,0,0,1,0,0,1,0,0,0,0,0,0,7.5,12960,215,1
Rangasthalam,Sukumar,"['Ram Charan', 'Samantha Ruth Prabhu', 'Aadhi', 'Jagapathi Babu']",Telugu,Blockbuster,2018,1,0,0,0,1,0,0,0,0,0,0,0,0,0,8.2,25862,206.6,1
Raazi,Meghna Gulzar,"['Alia Bhatt', 'Vicky Kaushal', 'Rajit Kapoor', 'Shishir Sharma']",Hindi,Blockbuster,2018,1,1,0,0,1,0,0,0,0,0,0,0,0,0,7.7,32074,193,1
Zero,Aanand L. Rai,"['Shah Rukh Khan', 'Anushka Sharma', 'Katrina Kaif', 'Mohd. Zeeshan Ayyub']",Hindi,Disaster,2018,0,0,0,0,1,0,1,1,0,0,0,0,0,0,5.2,28811,193,0
Padman,R. Balki,"['Akshay Kumar', 'Radhika Apte', 'Sonam Kapoor', 'Jyoti Subhash']",Hindi,Hit,2018,0,0,0,0,1,0,0,1,0,0,0,0,0,0,7.9,27072,192.5,1
Stree,Amar Kaushik,"['Ashish Chhipa', 'Rajkummar Rao', 'Shraddha Kapoor', 'Pankaj Tripathi']",Hindi,Blockbuster,2018,0,0,0,0,0,0,0,1,0,0,1,0,0,0,7.5,35426,173.9,1
Bharat Ane Nenu,Koratala Siva,"['Mahesh Babu', 'Kiara Advani', 'Prakash Raj', 'R. Sarathkumar']",Telugu,Hit,2018,1,1,0,0,1,0,0,0,0,0,0,0,0,0,7.5,17873,167.5,1
Kaala,Pa. Ranjith,"['Rajinikanth', 'Nana Patekar', 'Samuthirakani', 'Easwari Rao']",Tamil,Flop,2018,1,0,0,0,1,0,0,0,0,0,0,0,0,0,6.6,9708,153.9,0
Gold,Reema Kagti,"['Akshay Kumar', 'Mouni Roy', 'Kunal Kapoor', 'Amit Sadh']",Hindi,Average,2018,0,0,0,0,1,1,0,0,0,0,0,1,0,0,7.3,14317,150,0
Aravindha Sametha Veera Raghava,Trivikram Srinivas,"['N.T. Rama Rao Jr.', 'Pooja Hegde', 'Jagapathi Babu', 'Naveen Chandra']",Telugu,Above Average,2018,1,0,0,0,1,0,0,0,0,0,0,0,0,0,7.3,8963,149,0
Raid,Raj Kumar Gupta,"['Ajay Devgn', ""Ileana D'Cruz"", 'Saurabh Shukla', 'Amit Sial']",Hindi,Hit,2018,1,0,0,0,1,0,0,0,1,0,0,0,0,0,7.4,18125,149,1
Sonu Ke Titu Ki Sweety,Luv Ranjan,"['Kartik Aaryan', 'Nushrratt Bharuccha', 'Sunny Singh', 'Alok Nath']",Hindi,Blockbuster,2018,0,0,0,0,0,0,1,1,0,0,0,0,0,0,7.1,23315,148.5,1
Veere Di Wedding,Shashanka Ghosh,"['Kareena Kapoor', 'Sonam Kapoor', 'Swara Bhaskar', 'Shikha Talsania']",Hindi,Super Hit,2018,0,0,0,0,0,0,0,1,0,0,0,0,0,0,3.3,13050,139.3,1
Geetha Govindam,Parasuram,"['Vijay Deverakonda', 'Rashmika Mandanna', 'Subbaraju', 'Mouryaani']",Telugu,Blockbuster,2018,0,0,0,0,1,0,1,1,0,0,0,0,0,0,7.7,14690,126,1
Sui Dhaaga: Made in India,Sharat Katariya,"['Anushka Sharma', 'Varun Dhawan', 'Raghuvir Yadav', 'Namit Das']",Hindi,Hit,2018,0,0,0,0,1,0,0,1,0,0,0,0,0,0,6.8,8752,124.4,1
Dhadak,Shashank Khaitan,"['Janhvi Kapoor', 'Ishaan Khattar', 'Ashutosh Rana', 'Aditya Kumar']",Hindi,Hit,2018,0,0,0,0,1,0,1,0,0,0,0,0,0,0,4.5,10204,116.5,1
102 Not Out,Umesh Shukla,"['Amitabh Bachchan', 'Rishi Kapoor', 'Vijay Raaz', 'Ashok Pathak']",Hindi,Blockbuster,2018,0,0,0,0,1,0,0,1,0,0,0,0,0,0,7.4,7323,111.3,1
Satyameva Jayate,Milap Zaveri,"['John Abraham', 'Manoj Bajpayee', 'Aisha Sharma', 'Amruta Khanvilkar']",Hindi,Super Hit,2018,1,0,0,0,1,0,0,0,1,0,0,0,0,0,5.7,7596,109,1
Agnyaathavaasi,Trivikram Srinivas,"['Pawan Kalyan', 'Keerthy Suresh', 'Anu Emmanuel', 'Aadhi']",Telugu,Disaster,2018,1,0,0,0,1,0,0,0,0,0,0,0,0,0,4.3,3341,96.1,0
Thaanaa Serndha Koottam,Vignesh Shivan,"['Suriya', 'Keerthy Suresh', 'Karthik', 'Ramya Krishnan']",Tamil,Below Average,2018,1,0,0,0,0,0,0,1,1,0,0,0,0,0,6.4,6202,95,0
Kedarnath,Abhishek Kapoor,"['Sushant Singh Rajput', 'Sara Ali Khan', 'Nitish Bharadwaj', 'Alka Amin']",Hindi,Hit,2018,0,0,0,0,1,0,1,0,0,0,0,0,0,0,6.7,14523,95,1
Naa Peru Surya Na Illu India,Vakkantham Vamsi,"['Allu Arjun', 'Arjun Sarja', 'R. Sarathkumar', 'Anu Emmanuel']",Telugu,Flop,2018,1,0,0,0,1,0,0,0,0,0,0,0,0,0,6.7,7645,94.2,0
Chekka Chivantha Vaanam,Mani Ratnam,"['Arvind Swami', 'Arun Vijay', 'Silambarasan Rajendar', 'Vijay Sethupathi']",Tamil,Super Hit,2018,1,0,0,0,1,0,0,0,1,0,0,0,0,0,7.2,6565,92.5,1
Parmanu: The Story of Pokhran,Abhishek Sharma,"['John Abraham', 'Boman Irani', 'Diana Penty', 'Anuja Sathe']",Hindi,Blockbuster,2018,1,0,0,0,1,1,0,0,0,0,0,0,0,0,7.6,24648,91.9,1
Mahanati,Nag Ashwin,"['Keerthy Suresh', 'Dulquer Salmaan', 'Samantha Ruth Prabhu', 'Vijay Deverakonda']",Telugu,Blockbuster,2018,0,0,0,1,1,0,0,0,0,0,0,0,0,0,8.4,13353,85.1,1
Kadaikutty Singam,Pandiraj,"['Karthi', 'Sathyaraj', 'Sayyeshaa Saigal', 'Priya Bhavani Shankar']",Tamil,Blockbuster,2018,1,0,0,0,1,0,0,0,0,0,0,0,0,0,6.8,2738,70,1
Kayamkulam Kochunni,Rosshan Andrrews,"['Nivin Pauly', 'Mohanlal', 'Sunny Wayne', 'Priya Anand']",Malayalam,Super Hit,2018,1,0,0,0,1,1,0,0,0,0,0,0,0,0,6.8,2584,67,1
Bhaagamathie,Ashok G.,"['Anushka Shetty', 'Asha Sharath', 'Murli Sharma', 'Unni Mukundan']",Telugu,Super Hit,2018,1,1,0,0,0,0,0,0,0,0,1,0,0,0,7,3206,66.8,1
Irumbu Thirai,P.S. Mithran,"['Vishal', 'Samantha Ruth Prabhu', 'Arjun Sarja', 'Delhi Ganesh']",Tamil,Blockbuster,2018,1,1,0,0,0,0,0,0,1,0,0,0,0,0,7.6,5152,62.5,1
Vada Chennai,Vetrimaaran,"['Dhanush', 'Ameer Sultan', 'Radha Ravi', 'Daniel Balaji']",Tamil,Above Average,2018,1,0,0,0,1,0,0,0,1,0,0,0,0,0,8.4,17986,62.5,0
Batti Gul Meter Chalu,Shree Narayan Singh,"['Shahid Kapoor', 'Shraddha Kapoor', 'Divyendu Sharma', 'Yami Gautam']",Hindi,Flop,2018,0,0,0,0,1,0,0,0,0,0,0,0,0,0,5.9,5772,60,0
Seema Raja,Ponram,"['Sivakarthikeyan', 'Samantha Ruth Prabhu', 'Soori', 'Simran']",Tamil,Flop,2018,1,0,0,0,1,0,0,0,0,0,0,0,0,0,4.2,1891,57,0
Carry on Jatta 2,Smeep Kang,"['Gippy Grewal', 'Sonam Bajwa', 'Binnu Dhillon', 'Gurpreet Ghuggi']",Punjabi,All Time Blockbuster,2018,0,0,0,0,0,0,0,1,0,0,0,0,0,0,6.8,1301,56.3,1
96,C. Prem Kumar,"['Vijay Sethupathi', 'Adithya Bhaskar', 'Trisha Krishnan', 'Gouri Kishan']",Tamil,Blockbuster,2018,0,0,0,0,1,0,1,0,0,0,0,0,0,0,8.5,32741,55.5,1
October,Shoojit Sircar,"['Varun Dhawan', 'Banita Sandhu', 'Gitanjali Rao', 'Sahil Vedoliyaa']",Hindi,Below Average,2018,0,0,0,0,1,0,1,0,0,0,0,0,0,0,7.5,16405,54.5,0
Odiyan,V.A. Shrikumar Menon,"['Mohanlal', 'Prakash Raj', 'Manju Warrier', 'Manoj Joshi']",Malayalam,Below Average,2018,1,0,0,0,1,0,0,0,0,0,0,0,0,0,5.3,3887,53.6,0
The Villain,Prem,"['Shivarajkumar', 'Sudeep', 'Amy Jackson', 'Meka Srikanth']",Kannada,Above Average,2018,1,1,0,0,0,0,0,0,0,0,0,0,0,0,5,1999,52.5,0
Saamy˛,Hari,"['Vikram', 'Keerthy Suresh', 'Aishwarya Rajesh', 'Bobby Simha']",Tamil,Flop,2018,1,0,0,0,0,0,0,0,0,0,0,0,0,0,4.5,1557,52.5,0
Vishwaroopam 2,Kamal Haasan,"['Kamal Haasan', 'Rahul Bose', 'Shekhar Kapur', 'Pooja Kumar']",Tamil,Disaster,2018,1,1,0,0,0,0,0,0,0,0,0,0,0,0,5.8,2719,52.1,0
Sandakozhi 2,N. Linguswamy,"['Vishal', 'Keerthy Suresh', 'Rajkiran', 'Varalaxmi Sarathkumar']",Tamil,Average,2018,1,0,0,0,1,0,0,0,0,0,0,0,0,0,5,878,51.5,0
Thamizh Padam 2,C.S. Amudhan,"['Jiiva', 'Iswarya Menon', 'Shiva', 'Santhana Bharathi']",Tamil,Blockbuster,2018,0,0,0,0,0,0,0,1,0,0,0,0,0,0,6.4,1608,51.3,1
Njan Prakashan,Sathyan Anthikad,"['Fahadh Faasil', 'Sreenivasan', 'Nikhila Vimal', 'Devika Sanjay']",Malayalam,Blockbuster,2018,0,0,0,0,1,0,0,1,0,0,0,0,0,0,7.7,4708,50.7,1
Jai Simha,K.S. Ravikumar,"['Nandamuri Balakrishna', 'Nayanthara', 'Haripriya', 'Natasha Doshi']",Telugu,Hit,2018,1,0,0,0,1,0,0,1,0,0,0,0,0,0,4.7,885,50,1
Saamy²,Hari,"['Vikram', 'Keerthy Suresh', 'Aishwarya Rajesh', 'Bobby Simha']",Tamil,Flop,2018,1,0,0,0,0,0,0,0,0,0,0,0,0,0,4.5,1557,52.5,0
Maari 2,Balaji Mohan,"['Dhanush', 'Kreshna', 'Sai Pallavi', 'Varalaxmi Sarathkumar']",Tamil,Below Average,2018,1,0,0,0,0,0,0,1,0,0,0,0,0,0,5.6,3144,49.5,0
Devadas,Sriram Adittya,"['Nagarjuna Akkineni', 'Nani', 'Aakanksha Singh', 'Rashmika Mandanna']",Telugu,Below Average,2018,1,0,0,0,1,0,0,1,0,0,0,0,0,0,6.5,2004,47.5,0
Kolamavu Kokila,Nelson Dilipkumar,"['Nayanthara', 'Saranya Ponvannan', 'Saravanan', 'Yogi Babu']",Tamil,Blockbuster,2018,0,0,0,0,1,0,0,1,1,0,0,0,0,0,7.3,3373,47.1,1
Tholi Prema,Venky Atluri,"['Varun Tej', 'Raashi Khanna', 'Priyadarshi Pulikonda', 'Apoorva Srinivasan']",Telugu,Hit,2018,0,0,0,0,0,0,1,0,0,0,0,0,0,0,7.2,3273,44.5,1
Abrahaminte Santhathikal,Shaji Padoor,"['Mammootty', 'Anson Paul', 'Renji Panicker', 'Yog Japee']",Malayalam,Blockbuster,2018,1,1,0,0,0,0,0,0,1,0,0,0,0,0,6.7,5558,42.5,1
Imaikkaa Nodigal,R. Ajay Gnanamuthu,"['Nayanthara', 'Atharvaa Murali', 'Anurag Kashyap', 'Raashi Khanna']",Tamil,Blockbuster,2018,1,0,0,0,1,0,0,0,1,0,0,0,0,0,7.3,5825,41.5,1
Tik Tik Tik,Shakti Soundar Rajan,"['Jayam Ravi', 'Nivetha Pethuraj', 'Aaron Aziz', 'Ramesh Thilak']",Tamil,Hit,2018,1,0,1,0,0,0,0,0,0,1,0,0,0,0,5.8,2922,41,1
Tagaru,Soori,"['Abhi', 'Shivarajkumar', 'Manvita Kamath', 'Dhananjaya', 'Bhavana']",Kannada,Blockbuster,2018,1,0,0,0,0,0,0,0,1,0,0,0,0,0,7.9,1736,39.5,1
Hello Guru Prema Kosame,Trinadha Rao Nakkina,"['Ram Pothineni', 'Anupama Parameswaran', 'Pranitha', 'Prakash Raj']",Telugu,Above Average,2018,0,0,0,0,0,0,1,1,0,0,0,0,0,0,7,2848,38.7,0
Sketch,Vijay Chandar,"['Vikram', 'Tamannaah Bhatia', 'Baburaj', 'Sriman']",Tamil,Disaster,2018,1,1,0,0,0,0,0,0,0,0,0,0,0,0,5.6,2154,36,0
Taxiwaala,Rahul Sankrityan,"['Vijay Deverakonda', 'Priyanka Jawalkar', 'Malvika Nair', 'Madhunandan']",Telugu,Blockbuster,2018,0,1,0,0,0,0,0,1,0,0,1,0,0,0,6.9,3769,35.4,1
Ratsasan,Ram Kumar,"['Vishnu Vishal', 'Amala Paul', 'Radha Ravi', 'Sangili Murugan']",Tamil,Blockbuster,2018,1,0,0,0,1,0,0,0,1,0,0,0,0,0,8.3,46380,34.5,1
Sailaja Reddy Alludu,Maruthi Dasari,"['Naga Chaitanya Akkineni', 'Anu Emmanuel', 'Ramya Krishnan', 'V.K. Naresh']",Telugu,Average,2018,1,0,0,0,1,0,0,1,0,0,0,0,0,0,5.1,925,33.8,0
Varathan,Amal Neerad,"['Fahadh Faasil', 'Aishwarya Lekshmi', 'Sharafudheen', 'Dileesh Pothan']",Malayalam,Blockbuster,2018,1,1,0,0,1,0,0,0,0,0,0,0,0,0,7.5,4260,33,1
Aadhi,Jeethu Joseph,"['Pranav Mohanlal', 'Sharafudheen', 'Meghanadhan', 'Siddique']",Malayalam,Blockbuster ,2018,1,1,0,0,0,0,0,0,0,0,0,0,0,0,6.5,2145,31.5,1
Krishnarjuna Yudham,Merlapaka Gandhi,"['Nani', 'Anupama Parameswaran', 'Rukshar Dhillon', 'Brahmaji']",Telugu,Flop,2018,1,0,0,0,0,0,0,1,0,0,0,0,0,0,5.7,1444,27.7,0
Theevandi,Fellini T.P.,"['Samyuktha Menon', 'Tovino Thomas', 'Suraj Venjaramoodu', 'Saiju Kurup']",Malayalam,Super Hit,2018,0,0,0,0,0,0,0,1,0,0,0,0,0,0,6.6,1551,27.1,1
Rx 100,Ajay Bhupathi,"['Kartikeya Gummakonda', 'Payal Rajput', 'Ramki', 'Rao Ramesh']",Telugu,Blockbuster,2018,1,0,0,0,1,0,1,0,0,0,0,0,0,0,6.9,3130,26.1,1
Kalakalapu 2,Sundar C.,"['Jiiva', 'Jai', 'Catherine Tresa', 'Nikki Galrani']",Tamil,Hit,2018,0,0,0,0,1,0,0,1,0,0,0,0,0,0,5.1,760,25.9,1
Sudani from Nigeria,Zakariya Mohammed,"['Soubin Shahir', 'Samuel Abiola Robinson', 'Savithri Sreedharan', 'Sarasa Balussery']",Malayalam,Blockbuster,2018,0,0,0,0,0,0,0,1,0,0,0,1,0,0,8.2,4532,24.8,1
Srinivasa Kalyanam,Satish Vegesna,"['Nithiin', 'Raashi Khanna', 'Nandita Shwetha', 'Prakash Raj']",Telugu,Disaster,2018,0,0,0,0,1,0,0,0,0,0,0,0,0,0,6.1,1320,23,0
Nota,Anand Shankar,"['Vijay Deverakonda', 'Nassar', 'Sathyaraj', 'M.S. Bhaskar']",Telugu,Disaster,2018,0,0,0,0,1,0,0,0,0,0,0,0,0,0,6.2,2965,22.8,0
Goodachari,Sashi Kiran Tikka,"['Adivi Sesh', 'Sobhita Dhulipala', 'Jagapathi Babu', 'Prakash Raj']",Telugu,Blockbuster,2018,1,1,0,0,0,0,0,0,0,0,0,0,0,0,7.8,10989,22.6,1
Koode,Anjali Menon,"['Prithviraj Sukumaran', 'Parvathy Thiruvothu', 'Darshana Rajendran', 'Nazriya Nazim']",Malayalam,Hit,2018,0,0,0,0,1,0,0,0,0,0,0,0,0,0,7.6,2648,22.5,1
Chalo,Venky Kudumula,"['Naga Shaurya', 'Rashmika Mandanna', 'Achyuth Kumar', 'Mime Gopi']",Telugu,Blockbuster,2018,1,0,0,0,0,0,0,1,0,0,0,0,0,0,6.2,1297,22.2,1
U-Turn,Pawan Kumar,"['Samantha Ruth Prabhu', 'Aadhi', 'Bhoomika Chawla', 'Rahul Ravindran']",Telugu,Hit,2018,0,0,0,0,0,0,0,0,1,0,1,0,0,0,6.9,3862,20.7,1
Saakshyam,Sriwass,"['Sai Srinivas Bellamkonda', 'Pooja Hegde', 'R. Sarathkumar', 'Meena']",Telugu,Disaster,2018,1,0,0,0,1,0,0,0,1,0,0,0,0,0,4.7,646,20.6,0
Touch Chesi Chudu,Vikram Sirikonda,"['Ravi Teja', 'Raashi Khanna', 'Seerat Kapoor', 'Murli Sharma']",Telugu,Disaster,2018,1,0,0,0,0,0,0,1,1,0,0,0,0,0,4.7,1082,20.5,0
Nela Ticket,Kalyan Krishna,"['Ravi Teja', 'Malvika Sharma', 'Ajay', 'Mohammad Ali']",Telugu,Disaster,2018,1,0,0,0,0,0,0,1,1,0,0,0,0,0,4.3,797,20.5,0
War,Siddharth Anand,"['Hrithik Roshan', 'Tiger Shroff', 'Vaani Kapoor', 'Ashutosh Rana']",Hindi,Blockbuster,2019,1,1,0,0,0,0,0,0,0,1,0,0,0,0,6.5,28764,460.6,1
Saaho,Sujeeth,"['Prabhas', 'Shraddha Kapoor', 'Jackie Shroff', 'Neil Nitin Mukesh']",Telugu,Below Average,2019,1,1,0,0,0,0,0,0,0,0,0,0,0,0,5,20727,417.6,0
Kabir Singh,Sandeep Reddy Vanga,"['Shahid Kapoor', 'Kiara Advani', 'Nikita Dutta', 'Soham Majumdar']",Hindi,Blockbuster,2019,1,0,0,0,1,0,1,0,0,0,0,0,0,0,7,35288,375,1
Uri: The Surgical Strike,Aditya Dhar,"['Vicky Kaushal', 'Paresh Rawal', 'Mohit Raina', 'Yami Gautam']",Hindi,Blockbuster,2019,1,0,0,0,1,1,0,0,0,0,0,0,0,0,8.2,66264,339.3,1
Bharat,Ali Abbas Zafar,"['Salman Khan', 'Katrina Kaif', 'Sunil Grover', 'Tabu']",Hindi,Below Average,2019,1,0,0,0,1,0,0,1,0,0,0,0,0,0,4.7,31552,307,0
Good Newwz,Raj Mehta,"['Kulwinder Singh', 'Ranjeet Singh', 'Akshay Kumar', 'Kareena Kapoor', 'Diljit Dosanjh', 'Kiara Advani']",Hindi,Blockbuster,2019,0,0,0,0,1,0,0,1,0,0,0,0,0,0,6.8,21026,304.2,1
Bigil,Atlee,"['Joseph Vijay', 'Nayanthara', 'Jackie Shroff', 'Vivek']",Tamil,Hit,2019,1,0,0,0,1,0,0,0,0,0,0,1,0,0,6.7,22388,300.8,1
Housefull 4,Farhad Samji,"['Akshay Kumar', 'Riteish Deshmukh', 'Bobby Deol', 'Kriti Sanon']",Hindi,Above Average,2019,1,0,0,0,1,0,0,1,0,0,0,0,0,0,3.5,13404,296.8,0
Mission Mangal,Jagan Shakti,"['Akshay Kumar', 'Vidya Balan', 'Taapsee Pannu', 'Sonakshi Sinha']",Hindi,Blockbuster,2019,0,0,0,0,1,1,0,0,0,0,0,0,0,0,6.5,16662,282.8,1
Sye Raa Narasimha Reddy,Surender Reddy,"['Chiranjeevi', 'Amitabh Bachchan', 'Sudeep', 'Vijay Sethupathi']",Telugu,Below Average,2019,1,0,0,0,1,0,0,0,0,1,0,0,0,0,7.3,8193,243.6,0
Gully Boy,Zoya Akhtar,"['Ranveer Singh', 'Alia Bhatt', 'Siddhant Chaturvedi', 'Vijay Raaz']",Hindi,Hit,2019,0,0,0,0,1,0,1,0,0,0,0,0,0,0,7.9,41033,229.5,1
Total Dhamaal,Indra Kumar,"['Ajay Devgn', 'Anil Kapoor', 'Madhuri Dixit', 'Riteish Deshmukh']",Hindi,Hit,2019,1,0,0,0,0,0,0,1,0,1,0,0,0,0,4.2,7344,222,1
Dabangg 3,Prabhu Deva,"['Salman Khan', 'Sudeep', 'Sonakshi Sinha', 'Saiee Manjrekar']",Hindi,Average,2019,1,0,0,0,0,0,0,1,1,0,0,0,0,0,3,19467,219.3,0
Petta,Karthik Subbaraj,"['Rajinikanth', 'Vijay Sethupathi', 'Nawazuddin Siddiqui', 'M. Sasikumar']",Tamil,Above Average,2019,1,0,0,0,1,0,0,0,0,0,0,0,0,0,7.2,10788,216.1,0
Super 30,Vikas Bahl,"['Hrithik Roshan', 'Mrunal Thakur', 'Nandish Singh Sandhu', 'Veerendra Saxena']",Hindi,Hit,2019,0,0,0,1,1,0,0,0,0,0,0,0,0,0,7.9,33591,209.1,1
Chhichhore,Nitesh Tiwari,"['Sushant Singh Rajput', 'Shraddha Kapoor', 'Varun Sharma', 'Prateik Babbar']",Hindi,Blockbuster,2019,0,0,0,0,1,0,1,1,0,0,0,0,0,0,8.3,57054,203.7,1
Kesari,Anurag Singh,"['Akshay Kumar', 'Parineeti Chopra', 'Suvinder Vicky', 'Vansh Bhardwaj']",Hindi,Hit,2019,1,0,0,0,1,1,0,0,0,0,0,0,0,0,7.4,21267,202,1
Dream Girl,Raaj Shaandilyaa,"['Ayushmann Khurrana', 'Nushrratt Bharuccha', 'Annu Kapoor', 'Manjot Singh']",Hindi,Blockbuster,2019,0,0,0,0,0,0,1,1,0,0,0,0,0,0,7,15054,196.5,1
Viswasam,Siva,"['Ajith Kumar', 'Nayanthara', 'Jagapathi Babu', 'Anikha Surendran']",Tamil,Super Hit,2019,1,0,0,0,1,0,0,0,0,0,0,0,0,0,6.6,10130,182.5,1
Maharshi,Vamshi Paidipally,"['Mahesh Babu', 'Allari Naresh', 'Pooja Hegde', 'Jagapathi Babu']",Telugu,Hit,2019,1,0,0,0,1,0,0,0,0,0,0,0,0,0,7.2,8949,176.6,1
Bala,Amar Kaushik,"['Ayushmann Khurrana', 'Bhumi Pednekar', 'Yami Gautam', 'Saurabh Shukla']",Hindi,Super Hit,2019,0,0,0,0,0,0,0,1,0,0,0,0,0,0,7.3,15226,165,1
Kalank,Abhishek Varman,"['Alia Bhatt', 'Kiara Advani', 'Kunal Kemmu', 'Kriti Sanon']",Hindi,Flop,2019,0,0,0,0,1,0,1,0,0,0,0,0,0,0,3.5,16228,138.1,0
F2: Fun and Frustration,Anil Ravipudi,"['Tamannaah Bhatia', 'Venkatesh Daggubati', 'Prakash Raj', 'Mehreen Pirzada']",Telugu,Blockbuster,2019,0,0,0,0,0,0,0,1,0,0,0,0,0,0,6.1,2933,135,1
Badla,Sujoy Ghosh,"['Amitabh Bachchan', 'Taapsee Pannu', 'Amrita Singh', 'Antonio Aakeel']",Hindi,Blockbuster,2019,0,0,0,0,1,0,0,0,1,0,0,0,0,0,7.8,29154,132.4,1
Manikarnika: The Queen of Jhansi,Radha Krishna Jagarlamudi,"['Kangana Ranaut', 'Kangana Ranaut', 'Danny Denzongpa', 'Suresh Oberoi', 'Atul Kulkarni']",Hindi,Below Average,2019,1,0,0,1,1,0,0,0,0,0,0,0,0,0,6.4,15796,131.5,0
De De Pyaar De,Akiv Ali,"['Ajay Devgn', 'Tabu', 'Rakul Preet Singh', 'Jimmy Shergill']",Hindi,Hit,2019,0,0,0,0,1,0,1,1,0,0,0,0,0,0,6.5,8685,130.9,1
Kanchana 3,Raghava Lawrence,"['Raghava Lawrence', 'Oviya', 'Vedhika', 'Nikki Tamboli']",Tamil,Blockbuster,2019,1,0,0,0,0,0,0,1,0,0,1,0,0,0,4.2,1558,130,1
Lucifer,Prithviraj Sukumaran,"['Mohanlal', 'Vivek Oberoi', 'Manju Warrier', 'Tovino Thomas']",Malayalam,Blockbuster,2019,1,0,0,0,1,0,0,0,1,0,0,0,0,0,7.5,11680,127.4,1
Luka Chuppi,Laxman Utekar,"['Kartik Aaryan', 'Kriti Sanon', 'Aparshakti Khurana', 'Pankaj Tripathi']",Hindi,Blockbuster,2019,0,0,0,0,0,0,1,1,0,0,0,0,0,0,6.3,12312,114.1,1
Batla House,Nikkhil Advani,"['John Abraham', 'Mrunal Thakur', 'Nora Fatehi', 'Ravi Kishan']",Hindi,Hit,2019,1,0,0,0,1,0,0,0,1,0,0,0,0,0,7.2,12157,112.5,1
Pati Patni Aur Woh,Mudassar Aziz,"['Kartik Aaryan', 'Bhumi Pednekar', 'Ananya Panday', 'Aparshakti Khurana']",Hindi,Hit,2019,0,0,0,0,0,0,1,1,0,0,0,0,0,0,5.8,7765,109,1
Nerkonda Paarvai,H. Vinoth,"['Ajith Kumar', 'Shraddha Srinath', 'Abhirami Venkatachalam', 'Andrea Tariang']",Tamil,Hit,2019,1,0,0,0,1,0,0,0,1,0,0,0,0,0,7.7,10376,108.5,1
Kaithi,Lokesh Kanagaraj,"['Karthi', 'Narain', 'Arjun Das', 'George Maryan']",Tamil,Blockbuster,2019,1,0,0,0,0,0,0,0,1,1,0,0,0,0,8.5,35195,102.9,1
Vinaya Vidheya Rama,Boyapati Srinu,"['Ram Charan', 'Vivek Oberoi', 'Kiara Advani', 'Mahesh Manjrekar']",Telugu,Flop,2019,1,0,0,0,1,0,0,0,0,0,0,0,0,0,3.3,3631,97.3,0
Student of the Year 2,Punit Malhotra,"['Tiger Shroff', 'Ananya Panday', 'Tara Sutaria', 'Aditya Seal']",Hindi,Flop,2019,1,0,0,0,1,0,0,1,0,0,0,0,0,0,2.1,21254,91.3,0
Kurukshetra,Naganna,"['Darshan Thoogudeep', 'Ambarish', 'V. Ravichandran', 'Arjun Sarja']",Kannada,Blockbuster,2019,0,0,0,0,0,1,0,0,0,0,0,0,0,1,6.1,1628,90,1
Article 15,Anubhav Sinha,"['Ayushmann Khurrana', 'Nassar', 'Manoj Pahwa', 'Kumud Mishra']",Hindi,Super Hit,2019,0,0,0,0,1,0,0,0,1,0,0,0,0,0,8.1,34883,88,1
Namma Veettu Pillai,Pandiraj,"['Sivakarthikeyan', 'Bharathiraja', 'Soori', 'Aishwarya Rajesh']",Tamil,Blockbuster,2019,1,0,0,0,1,0,0,1,0,0,0,0,0,0,6,1593,76,1
Kaappaan,K.V. Anand,"['Sayyeshaa Saigal', 'Suriya', 'Arya', 'Mohanlal']",Tamil,Below Average,2019,1,1,0,0,0,0,0,0,0,0,0,0,0,0,6.2,6039,70.4,0
iSmart Shankar,Puri Jagannadh,"['A.R. Sreedhar', 'Ram Pothineni', 'Satyadev Kancharana', 'Nabha Natesh', 'Nidhhi Agerwal']",Telugu,Blockbuster,2019,1,0,1,0,0,0,0,0,1,0,0,0,0,0,5.4,2396,66.7,1
Majili,Shiva Nirvana,"['Samantha Ruth Prabhu', 'Divyansha Kaushik', 'Naga Chaitanya Akkineni', 'Atul Kulkarni']",Telugu,Blockbuster,2019,0,0,0,0,1,0,1,0,0,0,0,0,0,0,7.2,4774,66,1
Mardaani 2,Gopi Puthran,"['Rani Mukerji', 'Shruti Bapna', 'K.C. Shankar', 'Sunny Hinduja']",Hindi,Hit,2019,1,0,0,0,1,0,0,0,1,0,0,0,0,0,7.3,9795,63.5,1
NGK,K. Selvaraghavan,"['Suriya', 'Sai Pallavi', 'Rakul Preet Singh', 'Ponvannan']",Tamil,Flop,2019,1,0,0,0,1,0,0,0,0,0,0,0,0,0,5.8,5235,62.3,0
Venky Mama,K.S. Ravindra,"['Raashi Khanna', 'Venkatesh Daggubati', 'Prakash Raj', 'Adithya Menon']",Telugu,Hit,2019,1,0,0,0,1,0,0,1,0,0,0,0,0,0,5.4,1375,61.8,1
Asuran,Vetrimaaran,"['Dhanush', 'Manju Warrier', 'Prakash Raj', 'Pasupathy']",Tamil,Blockbuster,2019,1,0,0,0,1,0,0,0,0,0,0,0,0,0,8.4,30842,61.5,1
Marjaavaan,Milap Zaveri,"['Riteish Deshmukh', 'Sidharth Malhotra', 'Tara Sutaria', 'Rakul Preet Singh']",Hindi,Below Average,2019,1,0,0,0,1,0,1,0,0,0,0,0,0,0,3.6,4276,61,0
Prati Roju Pandaage,Maruthi Dasari,"['Sai Dharam Tej', 'Raashi Khanna', 'Sathyaraj', 'Rao Ramesh']",Telugu,Blockbuster,2019,0,0,0,0,1,0,0,0,0,0,0,0,0,0,6.3,1133,60.2,1
Avane Srimannarayana,Sachin Ravi,"['Sachin', 'Rakshit Shetty', 'Shanvi Srivastava', 'Achyuth Kumar', 'Balaji Manohar']",Kannada,Hit,2019,1,0,0,0,0,0,0,1,0,1,0,0,0,0,7.7,7776,56.5,1
Comali,Pradeep Ranganathan,"['Jayam Ravi', 'Kajal Aggarwal', 'Yogi Babu', 'K.S. Ravikumar']",Tamil,Blockbuster,2019,0,0,0,0,0,0,0,1,0,0,0,0,0,0,6.9,3699,54,1
Shadaa,Jagdeep Sidhu,"['Diljit Dosanjh', 'Neeru Bajwa', 'Sonam Bajwa', 'Anita Devgan']",Punjabi,Blockbuster,2019,0,0,0,0,0,0,1,1,0,0,0,0,0,0,6.2,1062,53,1
Yajamana,V. Harikrishna,"['Ponkumaran', 'Darshan Thoogudeep', 'Rashmika Mandanna', 'Dhananjaya', 'Devaraj']",Kannada,Blockbuster,2019,1,0,0,0,0,0,0,0,0,0,0,0,0,0,6.1,1778,52,1
Jersey,Gowtam Tinnanuri,"['Nani', 'Shraddha Srinath', 'Sathyaraj', 'Ronit Kamra']",Telugu,Hit,2019,0,0,0,0,1,0,0,0,0,0,0,1,0,0,8.5,19361,51.7,1
Pailwaan,S Krishna,"['Suniel Shetty', 'Sudeep', 'Aakanksha Singh', 'Sushant Singh']",Kannada,Above Average,2019,1,0,0,0,1,0,0,0,0,0,0,1,0,0,6.2,2317,49.5,0
Madhura Raja,Vysakh,"['Mammootty', 'Jai', 'Jagapathi Babu', 'Anusree']",Malayalam,Hit,2019,1,0,0,0,1,0,0,1,0,0,0,0,0,0,6,3831,47.5,1
Natasaarvabhowma,Pawan Wadeyar,"['Puneeth Rajkumar', 'Saroja Devi B.', 'Anupama Parameswaran', 'Rachita Ram']",Kannada,Above Average,2019,1,0,0,0,0,0,0,0,0,0,0,0,0,0,6.5,1412,42,0
Gaddalakonda Ganesh,Harish Shankar,"['Varun Tej', 'Atharvaa Murali', 'Mirnalini Ravi', 'Pooja Hegde']",Telugu,Above Average,2019,1,0,0,0,0,0,0,1,1,0,0,0,0,0,6.3,2255,39.6,0
Gang Leader,Vikram K. Kumar,"['Nani', 'Kartikeya Gummakonda', 'Lakshmi', 'Saranya Ponvannan']",Telugu,Below Average,2019,1,0,0,0,0,0,0,1,0,0,0,0,0,0,7.6,4147,39.5,0
Dear Comrade,Bharat Kamma,"['Vijay Deverakonda', 'Rashmika Mandanna', 'Raj Arjun', 'Shruti Ramachandran']",Telugu,Flop,2019,1,0,0,0,1,0,1,0,0,0,0,0,0,0,7.3,9185,38.5,0
Thambi,Jeethu Joseph,"['Karthi', 'Jyotika', 'Sathyaraj', 'Sowcar Janaki']",Tamil,Below Average,2019,1,1,0,0,0,0,0,0,0,0,0,0,0,0,6.8,2490,37.5,0
Kumbalangi Nights,Madhu C. Narayanan,"['Shane Nigam', 'Soubin Shahir', 'Fahadh Faasil', 'Sreenath Bhasi']",Malayalam,Blockbuster,2019,0,0,0,0,1,0,1,1,0,0,0,0,0,0,8.5,15569,37,1
Super Deluxe,Thiagarajan Kumararaja,"['Vijay Sethupathi', 'Fahadh Faasil', 'Samantha Ruth Prabhu', 'Ramya Krishnan']",Tamil,Below Average,2019,0,0,0,0,1,0,0,1,1,0,0,0,0,0,8.3,15824,36.5,0
NTR: Kathanayakudu,Radha Krishna Jagarlamudi,"['Nandamuri Balakrishna', 'Vidya Balan', 'Kaikala Satyanarayana', 'Nandamuri Kalyan Ram']",Telugu,Disaster,2019,0,0,0,1,1,0,0,0,0,0,0,0,0,0,5.8,2087,36,0
Thanneer Mathan Dhinangal,Girish A.D.,"['Vineeth Sreenivasan', 'Mathew Thomas', 'Anaswara Rajan', 'Naslen']",Malayalam,Blockbuster,2019,0,0,0,0,0,0,1,1,0,0,0,0,0,0,7.8,3185,35.5,1
Hero,P.S. Mithran,"['Sivakarthikeyan', 'Abhay Deol', 'Arjun Sarja', 'Kalyani Priyadarshan']",Tamil,Disaster,2019,1,1,0,0,1,0,0,0,0,0,0,0,0,0,6.3,2251,34.4,0
Mamangam,M. Padmakumar,"['Mammootty', 'Unni Mukundan', 'Achuthan B. Nair', 'Siddique']",Malayalam,Disaster,2019,1,0,0,0,1,1,0,0,0,0,0,0,0,0,5.4,2930,32.5,0
Kadaram Kondan,Rajesh M. Selva,"['Vikram', 'Akshara Haasan', 'Abi Hassan', 'Lena']",Tamil,Disaster,2019,1,1,0,0,0,0,0,0,1,0,0,0,0,0,5.6,2115,31,0
Oh! Baby,B.V. Nandini Reddy,"['Samantha Ruth Prabhu', 'Lakshmi', 'Rajendra Prasad', 'Teja Sajja']",Telugu,Blockbuster,2019,0,0,0,0,1,0,0,1,0,0,0,0,0,0,7.4,2703,30.8,1
Love Action Drama,Dhyan Sreenivasan,"['Nivin Pauly', 'Nayanthara', 'Aju Varghese', 'Vineeth Sreenivasan']",Malayalam,Super Hit,2019,0,0,0,0,0,0,1,1,0,0,0,0,0,0,5.1,1728,30.2,1
Ittymaani: Made in China,Jibi Joju,"['Mohanlal', 'Honey Rose', 'Swasika Vijay', 'Radhika Sarathkumar']",Malayalam,Super Hit,2019,0,0,0,0,1,0,0,1,0,0,0,0,0,0,4.4,1382,30,1
Mr.Local,M. Rajesh,"['Sivakarthikeyan', 'Nayanthara', 'Radhika Sarathkumar', 'Sathish']",Tamil,Disaster,2019,1,0,0,0,1,0,0,1,0,0,0,0,0,0,3.2,1311,29.8,0
Driving Licence,Jean Paul Lal,"['Prithviraj Sukumaran', 'Deepti Sati', 'Mridul Nair', 'Suraj Venjaramoodu']",Malayalam,Super Hit,2019,1,0,0,0,1,0,0,1,0,0,0,0,0,0,7.2,3711,29.5,1
Chitralahari,Thirumala Kishore,"['Sai Dharam Tej', 'Kalyani Priyadarshan', 'Nivetha Pethuraj', 'Sunil']",Telugu,Hit,2019,0,0,0,0,1,0,1,1,0,0,0,0,0,0,7.1,2430,26.6,1
Odeya,M.D. Sridhar,"['Darshan Thoogudeep', 'Sanah Thimmayyah', 'Devaraj', 'P. Ravi Shankar']",Kannada,Hit,2019,1,0,0,0,1,0,0,0,0,0,0,0,0,0,3.9,509,25.5,1
Oru Yamandan Premakadha,B.C. Noufal,"['Dulquer Salmaan', 'Vishnu Unnikrishnan', 'Soubin Shahir', 'Salim Kumar']",Malayalam,Hit,2019,0,0,0,0,1,0,1,1,0,0,0,0,0,0,5.1,1191,24.5,1
Rakshasudu,Ramesh Varma,"['Sai Srinivas Bellamkonda', 'Anupama Parameswaran', 'Saravanan', 'Ammu Abhirami']",Telugu,Hit,2019,1,1,0,0,0,0,0,0,1,0,0,0,0,0,8,1558,24,1
Thadam,Magizh Thirumeni,"['Arun Vijay', 'Tanya Hope', 'Smruthi Venkat', 'Fefsi Vijayan']",Tamil,Blockbuster,2019,1,0,0,0,1,0,0,0,1,0,0,0,0,0,8.2,7788,23.7,1
Dhilluku Dhuddu 2,Rambhala,"['Santhanam', 'Shritha Sivadas', 'Motta Rajendran', 'Bipin']",Tamil,Super Hit,2019,0,0,0,0,0,0,0,1,0,0,1,0,0,0,5.4,664,23.5,1
Unda,Khalid Rahman,"['Mammootty', 'Asif Ali', 'Dileesh Pothan', 'Lukman Lukku']",Malayalam,Hit,2019,1,1,0,0,0,0,0,1,0,0,0,0,0,0,7.7,4361,23,1
Virus,Aashiq Abu,"['Joju George', 'Tovino Thomas', 'Darshana Rajendran', 'Revathi']",Malayalam,Super Hit,2019,0,1,0,0,1,0,0,0,0,0,0,0,0,0,7.8,5215,22.8,1
Mr. Majnu,Venky Atluri,"['Akhil Akkineni', 'Nidhhi Agerwal', 'Izabelle Leite', 'Farah Karimaee']",Telugu,Disaster,2019,0,0,0,0,0,0,1,0,0,0,0,0,0,0,6.1,1538,21.1,0
LKG,Prabhu,"['RJ Balaji', 'Priya Anand', 'J.K. Rithesh', 'Ramkumar Ganesan']",Tamil,Blockbuster,2019,0,0,0,0,0,0,0,1,0,0,0,0,0,0,6.9,1505,21,1
118,K.V. Guhan,"['Nandamuri Kalyan Ram', 'Shalini Pandey', 'Nivetha Thomas', 'Nassar']",Telugu,Hit,2019,1,1,0,0,0,0,0,0,0,0,0,0,0,0,6.4,975,20.8,1
Uyare,Manu Ashokan,"['Samyuktha Menon', 'Tovino Thomas', 'Parvathy Thiruvothu', 'Asif Ali']",Malayalam,Hit,2019,0,0,0,0,1,0,0,0,0,0,0,0,0,0,8,3790,20,1
Tanhaji: The Unsung Warrior,Om Raut,"['Ajay Devgn', 'Saif Ali Khan', 'Sharad Kelkar', 'Kajol']",Hindi,Blockbuster,2020,1,0,0,1,1,0,0,0,0,0,0,0,0,0,7.5,33742,351.9,1
Ala Vaikunthapurramuloo,Trivikram Srinivas,"['Allu Arjun', 'Pooja Hegde', 'Tabu', 'Jayaram']",Telugu,Blockbuster,2020,1,0,0,0,1,0,0,1,0,0,0,0,0,0,7.3,21054,264.5,1
Sarileru Neekevvaru,Anil Ravipudi,"['Mahesh Babu', 'Rashmika Mandanna', 'Vijayshanti', 'Rajendra Prasad']",Telugu,Super Hit,2020,1,0,0,0,1,0,0,1,0,0,0,0,0,0,5.8,8266,222.8,1
Darbar,A.R. Murugadoss,"['Rajinikanth', 'Nayanthara', 'Nivetha Thomas', 'Suniel Shetty']",Tamil,Below Average,2020,1,1,0,0,0,0,0,0,1,0,0,0,0,0,6,6593,198.3,0
Baaghi 3,Ahmed Khan,"['Tiger Shroff', 'Riteish Deshmukh', 'Shraddha Kapoor', 'Ankita Lokhande']",Hindi,Flop,2020,1,1,0,0,0,0,0,0,0,1,0,0,0,0,2.1,12981,133.5,0
Street Dancer 3D,Remo D'Souza,"['Varun Dhawan', 'Shraddha Kapoor', 'Prabhu Deva', 'Nora Fatehi']",Hindi,Flop,2020,0,0,0,0,1,0,0,0,0,0,0,0,0,0,3.6,7670,98.6,0
Shubh Mangal Zyada Saavdhan,Hitesh Kewalya,"['Ayushmann Khurrana', 'Jitendra Kumar', 'Gajraj Rao', 'Neena Gupta']",Hindi,Average,2020,0,0,0,0,0,0,1,1,1,0,0,0,0,0,5.8,9973,77.8,0
Malang - Unleash the Madness,Mohit Suri,"['Aditya Roy Kapoor', 'Anil Kapoor', 'Disha Patani', 'Kunal Kemmu']",Hindi,Above Average,2020,1,0,0,0,1,0,0,0,1,0,0,0,0,0,6.5,11172,76,0
Chal Mera Putt 2,Janjot Singh,"['Amrinder Gill', 'Simi Chahal', 'Nasir Chinyoti', 'Garry Sandhu']",Punjabi,Blockbuster,2020,0,0,0,0,1,0,0,0,0,0,0,0,0,0,8.9,3333,55.1,1
Love Aaj Kal,Imtiaz Ali,"['Kartik Aaryan', 'Sara Ali Khan', 'Randeep Hooda', 'Sonu Saini']",Hindi,Disaster,2020,0,0,0,0,1,0,1,0,0,0,0,0,0,0,4.6,9956,51.5,0
Bheeshma,Venky Kudumula,"['Nithiin', 'Rashmika Mandanna', 'Anant Nag', 'Jisshu Sengupta']",Telugu,Super Hit,2020,1,0,0,0,0,0,1,1,0,0,0,0,0,0,6.6,4426,51.2,1
Anjaam Pathiraa,Midhun Manuel Thomas,"['Kunchacko Boban', 'Jinu Joseph', 'Unnimaya Prasad', 'Sreenath Bhasi']",Malayalam,Blockbuster,2020,0,1,0,0,0,0,0,0,1,0,0,0,0,0,7.9,8009,45.2,1
Pattas,R.S. Durai Senthilkumar,"['Dhanush', 'Sneha', 'Mehreen Pirzada', 'Naveen Chandra']",Tamil,Above Average,2020,1,0,0,0,1,0,0,0,0,0,0,0,0,0,5.6,1672,44.6,0
Shylock,Ajai Vasudev,"['Mammootty', 'Meena', 'Ajai Vasudev', 'Baiju']",Malayalam,Super Hit,2020,1,1,0,0,1,0,0,0,0,0,0,0,0,0,5.1,2539,35.9,1
Ayyappanum Koshiyum,Sachy,"['Biju Menon', 'Prithviraj Sukumaran', 'Ranjith', 'Anil Nedumangad']",Malayalam,Super Hit,2020,1,1,0,0,1,0,0,0,0,0,0,0,0,0,8,9165,34.5,1
Varane Avashyamund,Anoop Sathyan,"['Shobana', 'Suresh Gopi', 'Kalyani Priyadarshan', 'Dulquer Salmaan']",Malayalam,Super Hit,2020,0,0,0,0,1,0,1,1,0,0,0,0,0,0,6.9,3027,29,1
Pushpa: The Rise - Part 1,Sukumar,"['Allu Arjun', 'Fahadh Faasil', 'Rashmika Mandanna', 'Jagadeesh Prathap Bandari']",Telugu,Super Hit,2021,1,0,0,0,1,0,0,0,1,0,0,0,0,0,7.6,79065,361.5,1
Sooryavanshi,Rohit Shetty,"['Akshay Kumar', 'Katrina Kaif', 'Ajay Devgn', 'Ranveer Singh']",Hindi,Hit,2021,1,1,0,0,0,0,0,0,1,0,0,0,0,0,6.1,77722,291.8,1
Master,Lokesh Kanagaraj,"['Joseph Vijay', 'Vijay Sethupathi', 'Malavika Mohanan', 'Arjun Das']",Tamil,Super Hit,2021,1,1,0,0,0,0,0,0,1,0,0,0,0,0,7.3,78472,245.3,1
83,Kabir Khan,"['Ranveer Singh', 'Deepika Padukone', 'Tahir Raj Bhasin', 'Jiiva']",Hindi,Flop,2021,0,0,0,1,1,1,0,0,0,0,0,0,0,0,7.5,38741,184.5,0
Annaatthe,Siva,"['Rajinikanth', 'Keerthy Suresh', 'Nayanthara', 'Kushboo']",Tamil,Below Average,2021,1,0,0,0,1,0,0,1,0,0,0,0,0,0,4,10104,153.6,0
Vakeel Saab,Venu Sriram,"['Pawan Kalyan', 'Nivetha Thomas', 'Anjali', 'Ananya Nagalla']",Telugu,Above Average,2021,1,0,0,0,1,0,0,0,1,0,0,0,0,0,7,12046,140,0
Akhanda,Boyapati Srinu,"['Nandamuri Balakrishna', 'Pragya Jaiswal', 'Jagapathi Babu', 'Meka Srikanth']",Telugu,Super Hit,2021,1,0,0,0,1,0,0,0,0,0,0,0,0,0,7,18900,122.7,1
Doctor,Nelson Dilipkumar,"['Sivakarthikeyan', 'Vinay Rai', 'Priyanka Arulmohan', 'Yogi Babu']",Tamil,Super Hit,2021,1,0,0,0,0,0,0,1,1,0,0,0,0,0,7.4,17192,101.4,1
Uppena,Buchi Babu Sana,"['Panja Vaisshnav Tej', 'Krithi Shetty', 'Vijay Sethupathi', 'Gayatri Jayaraman']",Telugu,Blockbuster,2021,1,0,0,0,1,0,1,0,0,0,0,0,0,0,6.5,4091,96.1,1
Maanaadu,Venkat Prabhu,"['Silambarasan Rajendar', 'S.J. Suryah', 'Kalyani Priyadarshan', 'S.A. Chandrashekhar']",Tamil,Blockbuster,2021,1,0,1,0,0,0,0,0,0,1,0,0,0,0,8.3,23609,84.3,1
Kurup,Srinath Rajendran,"['Dulquer Salmaan', 'Indrajith Sukumaran', 'Sobhita Dhulipala', 'Shine Tom Chacko']",Malayalam,Blockbuster,2021,0,1,0,1,0,0,0,0,1,0,0,0,0,0,7,13764,81,1
Krack,Gopichand Malineni,"['Ravi Teja', 'Shruti Haasan', 'Sudhakar Komakula', 'Samuthirakani']",Telugu,Blockbuster,2021,1,1,0,0,0,0,0,0,1,0,0,0,0,0,7,7101,76.1,1
Jathi Ratnalu,Anudeep K.V.,"['Naveen Polishetty', 'Rahul Ramakrishna', 'Priyadarshi Pulikonda', 'Faria Abdullah']",Telugu,Blockbuster,2021,0,0,0,0,0,0,0,1,0,0,0,0,0,0,7.3,7631,71.2,1
Love Story,Sekhar Kammula,"['Naga Chaitanya Akkineni', 'Sai Pallavi', 'Rajeev Kanakala', 'Easwari Rao']",Telugu,Hit,2021,0,0,0,0,0,0,1,0,0,0,0,0,0,0,6.8,4230,63.8,1
Karnan,Mari Selvaraj,"['Dhanush', 'Lal', 'Rajisha Vijayan', 'Yogi Babu']",Tamil,Super Hit,2021,1,0,0,0,1,0,0,0,0,0,0,0,0,0,8,22670,63.5,1
Antim: The Final Truth,Mahesh Manjrekar,"['Salman Khan', 'Aayush Sharma', 'Mahima Makwana', 'Mahesh Manjrekar']",Hindi,Below Average,2021,1,0,0,0,1,0,0,0,1,0,0,0,0,0,6.7,41450,57.3,0
Honsla Rakh,Amarjit Singh Saron,"['Diljit Dosanjh', 'Shehnaaz Gill', 'Sonam Bajwa', 'Shinda Grewal']",Punjabi,Blockbuster,2021,0,0,0,0,1,0,1,1,0,0,0,0,0,0,7.3,7626,55.8,1
Roberrt,Tarun Sudhir,"['Darshan Thoogudeep', 'Vinod Prabhakar', 'Asha Bhat', 'Jagapathi Babu']",Kannada,Hit,2021,1,0,0,0,0,0,0,1,0,0,0,0,0,0,5.9,3720,54.7,1
Bellbottom,Ranjit Tewari,"['Akshay Kumar', 'Huma Qureshi', 'Vaani Kapoor', 'Lara Dutta']",Hindi,Disaster,2021,1,1,0,0,0,0,0,0,0,0,0,0,0,0,6.1,23088,52.1,0
Shyam Singha Roy,Rahul Sankrityan,"['Nani', 'Sai Pallavi', 'Krithi Shetty', 'Madonna Sebastian']",Telugu,Hit,2021,0,0,0,0,1,0,1,0,0,0,0,0,0,0,7.7,13906,51.8,1
Marakkar: Lion of the Arabian Sea,Priyadarshan,"['Mohanlal', 'Arjun Sarja', 'Suniel Shetty', 'Prabhu']",Malayalam,Disaster,2021,1,0,0,0,1,1,0,0,0,0,0,0,0,0,5.9,9135,49.3,0
Pogaru,Nandakishore,"['Dhruva Sarja', 'Rashmika Mandanna', 'Sampath Raj', 'Chikkanna']",Kannada,Hit,2021,1,0,0,0,0,0,0,0,0,0,0,0,0,0,3.6,9704,44,1
Most Eligible Bachelor,Bommarillu Baskar,"['Akhil Akkineni', 'Pooja Hegde', 'Neha Shetty', 'Murli Sharma']",Telugu,Hit,2021,0,0,0,0,1,0,1,0,0,0,0,0,0,0,6.2,3522,42.8,1
Kotigobba 3,Shiva Karthik,"['Sudeep', 'Aftab Shivdasani', 'Madonna Sebastian', 'P. Ravi Shankar']",Kannada,Hit,2021,1,0,0,0,1,0,1,0,0,0,0,0,0,0,5.6,2481,42.6,1
Yuvarathnaa,Santhosh Ananddram,"['Puneeth Rajkumar', 'Sayyeshaa Saigal', 'Sonu Gowda', 'Dhananjaya']",Kannada,Hit,2021,1,0,0,0,1,0,0,0,0,0,0,0,0,0,6.2,4631,39.7,1
Sulthan,Bakkiyaraj Kannan,"['Karthi', 'Rashmika Mandanna', 'Napolean', 'Lal']",Tamil,Hit,2021,1,0,0,0,1,0,0,0,0,0,0,0,0,0,6.2,4563,39.5,1
Red,Thirumala Kishore,"['Ram Pothineni', 'Nivetha Pethuraj', 'Malvika Sharma', 'Amritha Aiyer']",Telugu,Hit,2021,1,0,0,0,1,0,0,0,1,0,0,0,0,0,6.5,2495,34.2,1
Aranmanai 3,Sundar C.,"['Sundar C.', 'Arya', 'Raashi Khanna', 'Andrea Jeremiah']",Tamil,Hit,2021,0,0,0,0,1,0,0,1,0,0,1,0,0,0,4,1175,33,1
Rang De,Venky Atluri,"['Nithiin', 'Keerthy Suresh', 'V.K. Naresh', 'Kousalya']",Telugu,Flop,2021,0,0,0,0,1,0,1,1,0,0,0,0,0,0,6.3,2343,30.8,0
The Priest,Jofin T. Chacko,"['Mammootty', 'Nikhila Vimal', 'Manju Warrier', 'Monica']",Malayalam,Super Hit,2021,0,1,0,0,0,0,0,0,0,0,1,0,0,0,6,7854,27.9,1
Salaga,Duniya Vijay,"['Duniya Vijay', 'Dhananjaya', 'Sanjana Anand', 'Neenasam Ashwath']",Kannada,Blockbuster,2021,1,1,0,0,0,0,0,0,1,0,0,0,0,0,7,1223,26.2,1
Enemy,Anand Shankar,"['Vishal', 'Arya', 'Mirnalini Ravi', 'Mamta Mohandas']",Tamil,Disaster,2021,1,1,0,0,1,0,0,0,0,0,0,0,0,0,6.1,4771,23.9,0
RRR (Rise Roar Revolt),S.S. Rajamouli,"['N.T. Rama Rao Jr.', 'Ram Charan', 'Ajay Devgn', 'Alia Bhatt']",Telugu,Super Hit,2022,1,0,0,0,1,0,0,0,0,0,0,0,0,0,7.9,145139,1234.3,1
K.G.F: Chapter 2,Prashanth Neel,"['Yash', 'Sanjay Dutt', 'Raveena Tandon', 'Srinidhi Shetty']",Kannada,All Time Blockbuster,2022,1,0,0,0,1,0,0,0,1,0,0,0,0,0,8.3,138176,1207.9,1
Ponniyin Selvan: I,Mani Ratnam,"['Vikram', 'Aishwarya Rai Bachchan', 'Jayam Ravi', 'Karthi']",Tamil,Blockbuster,2022,1,0,0,0,1,0,0,0,0,1,0,0,0,0,7.7,31723,490.6,1
Vikram,Lokesh Kanagaraj,"['Kamal Haasan', 'Vijay Sethupathi', 'Fahadh Faasil', 'Narain']",Tamil,Blockbuster,2022,1,1,0,0,0,0,0,0,1,0,0,0,0,0,8.3,62770,420.5,1
Brahmastra Part One: Shiva,Ayan Mukerji,"['Amitabh Bachchan', 'Ranbir Kapoor', 'Alia Bhatt', 'Nagarjuna Akkineni']",Hindi,Hit,2022,1,0,0,0,0,0,0,0,0,1,0,0,0,0,5.5,107906,412.7,1
Kantara,Rishab Shetty,"['Rishab Shetty', 'Kishore Kumar G.', 'Achyuth Kumar', 'Sapthami Gowda']",Kannada,Blockbuster,2022,1,0,0,0,1,0,0,0,0,1,0,0,0,0,8.3,93345,393.3,1
The Kashmir Files,Vivek Agnihotri,"['Mithun Chakraborty', 'Anupam Kher', 'Darshan Kumaar', 'Pallavi Joshi']",Hindi,Blockbuster,2022,0,0,0,0,1,0,0,0,0,0,0,0,0,0,8.7,563744,344.2,1
Drishyam 2,Abhishek Pathak,"['Ajay Devgn', 'Akshaye Khanna', 'Tabu', 'Shriya Saran']",Hindi,Blockbuster,2022,0,0,0,0,1,0,0,0,1,0,0,0,0,0,8.2,34873,331.7,1
Bhool Bhulaiyaa 2,Anees Bazmee,"['Tabu', 'Kartik Aaryan', 'Kiara Advani', 'Rajpal Naurang Yadav']",Hindi,Blockbuster,2022,0,0,0,0,1,0,0,1,0,0,1,0,0,0,5.7,31766,263.9,1
Beast,Nelson Dilipkumar,"['Joseph Vijay', 'Pooja Hegde', 'K. Selvaraghavan', 'Shine Tom Chacko']",Tamil,Above Average,2022,1,1,0,0,0,0,0,0,0,0,0,0,0,0,5.2,34202,224.4,0
Gangubai Kathiawadi,Sanjay Leela Bhansali,"['Alia Bhatt', 'Shantanu Maheshwari', 'Vijay Raaz', 'Indira Tiwari']",Hindi,Hit,2022,0,0,0,1,1,0,0,0,1,0,0,0,0,0,7.8,57522,203.9,1
Sarkaru Vaari Paata,Parasuram,"['Keerthy Suresh', 'Mahesh Babu', 'Samuthirakani', 'Mahesh Manjrekar']",Telugu,Above Average,2022,1,0,0,0,1,0,0,0,0,0,0,0,0,0,5.6,10355,181.9,0
Bheemla Nayak,Saagar K Chandra,"['Pawan Kalyan', 'Rana Daggubati', 'Nithya Menen', 'Samyuktha Menon']",Telugu,Above Average,2022,1,1,0,0,1,0,0,0,0,0,0,0,0,0,6.3,9625,161.3,0
Valimai,H. Vinoth,"['Ajith Kumar', 'Huma Qureshi', 'Kartikeya Gummakonda', 'Gurbani']",Tamil,Average,2022,1,1,0,0,0,0,0,0,1,0,0,0,0,0,6.1,20087,159.3,0
Radhe Shyam,K.K. Radhakrishna Kumar,"['Prabhas', 'Pooja Hegde', 'Bhagyashree Patwardhan', 'Krishnamraju']",Telugu,Disaster,2022,0,0,0,0,1,0,1,0,0,0,0,0,0,0,5.3,30011,148.4,0
Vikram Vedha,Gayatri,"['Pushkar', 'Saif Ali Khan', 'Hrithik Roshan', 'Radhika Apte', 'Rohit Saraf']",Hindi,Flop,2022,1,0,0,0,1,0,0,0,1,0,0,0,0,0,7.1,17658,134.9,0
Jug Jugg Jeeyo,Raj Mehta,"['Varun Dhawan', 'Anil Kapoor', 'Kiara Advani', 'Neetu Singh']",Hindi,Average,2022,0,0,0,0,1,0,0,1,0,0,0,0,0,0,6.1,37819,132.5,0
Laal Singh Chaddha,Advait Chandan,"['Aamir Khan', 'Ahmad Ibn Umar', 'Kareena Kapoor', 'Hafsa Ashraf']",Hindi,Disaster,2022,0,0,0,0,1,0,1,1,0,0,0,0,0,0,5.5,175084,126.8,0
Don,Cibi Chakravarthi,"['Sivakarthikeyan', 'Priyanka Arulmohan', 'S.J. Suryah', 'Samuthirakani']",Tamil,Blockbuster,2022,0,0,0,0,1,0,1,1,0,0,0,0,0,0,6.8,10197,121.5,1
Karthikeya 2,Chandoo Mondeti,"['Nikhil Siddharth', 'Anupama Parameswaran', 'Srinivasa Reddy', 'Harsha Chemudu']",Telugu,Blockbuster,2022,1,0,0,0,0,0,0,0,0,1,0,0,0,0,8,62792,113.3,1
Thiruchitrambalam,Mithran Jawahar,"['Dhanush', 'Nithya Menen', 'Bharathiraja', 'Prakash Raj']",Tamil,Blockbuster,2022,0,0,0,0,1,0,0,1,0,0,0,0,0,0,7.9,11249,104.7,1
Godfather,Mohan Raja,"['Chiranjeevi', 'Salman Khan', 'Nayanthara', 'Satyadev Kancharana']",Telugu,Flop,2022,1,0,0,0,1,0,0,0,1,0,0,0,0,0,5.2,7048,102,0
777 Charlie,Kiranraj K,"['Rakshit Shetty', 'Charlie', 'Sangeetha Sringeri', 'Raj B. Shetty']",Kannada,Blockbuster,2022,0,0,0,0,1,0,0,1,0,1,0,0,0,0,8.8,34109,100.5,1
Love Today,Pradeep Ranganathan,"['Pradeep Ranganathan', 'Ivana', 'Yogi Babu', 'Raveena Ravi']",Tamil,Blockbuster,2022,0,0,0,0,1,0,1,1,0,0,0,0,0,0,8.1,12938,93.6,1
F3: Fun and Frustration,Anil Ravipudi,"['Tamannaah Bhatia', 'Pooja Hegde', 'Venkatesh Daggubati', 'Mehreen Pirzada']",Telugu,Average,2022,0,0,0,0,0,0,1,1,0,0,0,0,0,0,4.7,2109,92.7,0
Sita Ramam,Hanu Raghavapudi,"['Dulquer Salmaan', 'Mrunal Thakur', 'Rashmika Mandanna', 'Sumanth']",Telugu,Blockbuster,2022,1,0,0,0,1,0,0,0,0,0,0,0,0,0,8.6,58149,92.4,1
Samrat Prithviraj,Chandra Prakash Dwivedi,"['Akshay Kumar', 'Sanjay Dutt', 'Ashutosh Rana', 'Manushi Chhillar']",Hindi,Disaster,2022,1,0,0,0,1,1,0,0,0,0,0,0,0,0,5.8,53073,91.4,0
Ram Setu,Abhishek Sharma,"['Akshay Kumar', 'Jacqueline Fernandez', 'Nushrratt Bharuccha', 'Nassar']",Hindi,Flop,2022,1,0,0,0,0,0,0,0,0,1,0,0,0,0,5.2,16404,90.3,0
Bheeshmaparvam,Amal Neerad,"['Mammootty', 'Soubin Shahir', 'Sreenath Bhasi', 'Nadia Moidu']",Malayalam,Blockbuster,2022,1,0,0,0,1,0,0,0,1,0,0,0,0,0,7.7,12217,87,1
Sardar,P.S. Mithran,"['Karthi', 'Raashi Khanna', 'Mohammad Ali Baig', 'Rithvik Jothi Raj']",Tamil,Hit,2022,1,1,0,0,1,0,0,0,0,0,0,0,0,0,7.6,6430,85.7,1
Bhediya,Amar Kaushik,"['Varun Dhawan', 'Kriti Sanon', 'Abhishek Banerjee', 'Deepak Dobriyal']",Hindi,Flop,2022,0,1,0,0,0,0,0,1,0,0,1,0,0,0,7.3,14878,82.1,0
James,Chethan Kumar,"['Puneeth Rajkumar', 'Priya Anand', 'Meka Srikanth', 'Anu Prabhakar']",Kannada,Blockbuster,2022,1,0,0,0,1,0,0,1,0,0,0,0,0,0,7.5,8220,79.5,1
Dhamaka,Trinadha Rao Nakkina,"['Ravi Teja', 'Sreeleela', 'Jayaram', 'Sachin Khedekar']",Telugu,Blockbuster,2022,1,1,0,0,0,0,0,1,0,0,0,0,0,0,6.6,4683,77.2,1
VR (Vikrant Rona),Anup Bhandari,"['Sudeep', 'Nirup Bhandari', 'Neetha Ashok', 'Jacqueline Fernandez']",Kannada,Below Average,2022,1,0,0,0,1,0,0,0,1,0,0,0,0,0,7,27760,70.3,0
Acharya,Koratala Siva,"['Chiranjeevi', 'Ram Charan', 'Pooja Hegde', 'Sonu Sood']",Telugu,Disaster,2022,1,0,0,0,1,0,0,0,0,0,0,0,0,0,3.8,4440,70.1,0
Bachchhan Paandey,Farhad Samji,"['Akshay Kumar', 'Kriti Sanon', 'Jacqueline Fernandez', 'Prateik Babbar']",Hindi,Disaster,2022,1,0,0,0,0,0,0,1,1,0,0,0,0,0,5.2,36073,69.5,0
Etharkkum Thunindhavan,Pandiraj,"['Suriya', 'Priyanka Arulmohan', 'Sathyaraj', 'Saranya Ponvannan']",Tamil,Below Average,2022,1,0,0,0,1,0,0,0,1,0,0,0,0,0,6.5,13027,68.3,0
Shamshera,Karan Malhotra,"['Ranbir Kapoor', 'Sanjay Dutt', 'Vaani Kapoor', 'Saurabh Shukla']",Hindi,Disaster,2022,1,0,0,0,1,0,0,0,0,1,0,0,0,0,4.7,56608,65.9,0
Major,Sashi Kiran Tikka,"['Adivi Sesh', 'Prakash Raj', 'Revathi', 'Saiee Manjrekar']",Telugu,Blockbuster,2022,1,0,0,1,1,0,0,0,0,0,0,0,0,0,8.1,30040,65.8,1
Bangarraju,Kalyan Krishna,"['Nagarjuna Akkineni', 'Ramya Krishnan', 'Naga Chaitanya Akkineni', 'Krithi Shetty']",Telugu,Hit,2022,0,0,0,0,1,0,0,0,0,0,0,0,0,0,5.7,2073,65.2,1
Ek Villain Returns,Mohit Suri,"['John Abraham', 'Disha Patani', 'Arjun Kapoor', 'Tara Sutaria']",Hindi,Flop,2022,1,0,0,0,0,0,1,0,1,0,0,0,0,0,4.4,15001,63.8,0
Viruman,M. Muthaiah,"['Arundhati', 'Manoj K. Bharathi', 'Manoj Bharathiraja', 'Ilavarasu']",Tamil,Hit,2022,1,0,0,0,1,0,0,0,0,0,0,0,0,0,4.9,2055,62.3,1
Bimbisara,Mallidi Vasishta,"['Nandamuri Kalyan Ram', 'Samyuktha Menon', 'Catherine Tresa', 'Srinivasa Reddy']",Telugu,Blockbuster,2022,1,0,0,0,1,0,0,0,0,0,0,0,0,0,6.8,7741,61.7,1
Kaathu Vaakula Rendu Kaadhal,Vignesh Shivan,"['Vijay Sethupathi', 'Nayanthara', 'Samantha Ruth Prabhu', 'Prabhu']",Tamil,Super Hit,2022,0,0,0,0,1,0,1,1,0,0,0,0,0,0,5.5,3470,61.6,1
Vendhu Thanindhathu Kaadu,Gautham Vasudev Menon,"['Lee Whittaker', 'Silambarasan Rajendar', 'Siddhi Idnani', 'Radhika Sarathkumar', 'Appukutty']",Tamil,Hit,2022,1,0,0,0,1,0,0,0,1,0,0,0,0,0,7.4,7300,61.5,1
Raksha Bandhan,Aanand L. Rai,"['Akshay Kumar', 'Bhumi Pednekar', 'Seema Pahwa', 'Manu Rishi Chadha']",Hindi,Disaster,2022,0,0,0,0,1,0,0,1,0,0,0,0,0,0,5.2,25697,59.6,0
Cobra,R. Ajay Gnanamuthu,"['Vikram', 'Irfan Pathan', 'Srinidhi Shetty', 'K.S. Ravikumar']",Tamil,Flop,2022,1,1,0,0,0,0,0,0,1,0,0,0,0,0,5.8,9338,58.7,0
Hridayam,Vineeth Sreenivasan,"['Pranav Mohanlal', 'Kalyani Priyadarshan', 'Darshana Rajendran', 'Vijayaraghavan']",Malayalam,Blockbuster,2022,0,0,0,0,1,0,1,0,0,0,0,0,0,0,8.1,13303,55.5,1
Malikappuram,Vishnu Sasi Shankar,"['Unni Mukundan', 'Saiju Kurup', 'Deva Nandha', 'Sreepath']",Malayalam,Blockbuster,2022,1,0,0,0,1,0,0,0,0,0,0,0,0,0,7.5,4821,52.9,1
Rocketry: The Nambi Effect,Madhavan,"['Madhavan', 'Simran', 'Rajit Kapoor', 'Ravi Raghavendra']",Tamil,Below Average,2022,0,0,0,1,1,0,0,0,0,0,0,0,0,0,8.8,52561,50.5,0
Jana Gana Mana,Dijo Jose Antony,"['Prithviraj Sukumaran', 'Suraj Venjaramoodu', 'Mamta Mohandas', 'Mammootty']",Malayalam,Blockbuster,2022,0,1,0,0,1,0,0,0,1,0,0,0,0,0,8.3,14239,50.1,1
Prince,Anudeep K.V.,"['Premgi Amaren', 'Anandraj', 'Finally Bharath', 'Carl A. Harte']",Tamil,Flop,2022,1,0,0,0,1,0,1,0,0,0,0,0,0,0,4.5,3023,49.3,0
Liger,Puri Jagannadh,"['Ananya Panday', 'Mike Tyson', 'Vijay Deverakonda', 'Ronit Roy']",Telugu,Disaster,2022,1,0,0,0,1,0,1,0,0,0,0,0,0,0,2.7,46551,48.1,0
Thallumaala,Khalid Rahman,"['Tovino Thomas', 'Kalyani Priyadarshan', 'Shine Tom Chacko', 'Chemban Vinod Jose']",Malayalam,Super Hit,2022,1,0,0,0,1,0,0,1,0,0,0,0,0,0,7,5033,47.5,1
Kaduva,Shaji Kailas,"['Prithviraj Sukumaran', 'Vivek Oberoi', 'Samyuktha Menon', 'Siddique']",Malayalam,Super Hit,2022,1,1,0,0,1,0,0,0,0,0,0,0,0,0,6.1,3199,46.5,1
HIT: The 2nd Case,Sailesh Kolanu,"['Adivi Sesh', 'Meenakshii Chaudhary', 'Rao Ramesh', 'Tanikella Bharani']",Telugu,Blockbuster,2022,1,0,0,0,1,0,0,0,1,0,0,0,0,0,7.2,5111,42.1,1
Jaya Jaya Jaya Jaya Hey,Vipin Das,"['Basil Joseph', 'Anand Manmadhan', 'Noby Marcose', 'Azees Nedumangad']",Malayalam,Blockbuster,2022,0,0,0,0,1,0,0,1,0,0,0,0,0,0,7.7,3897,41,1
Ante Sundharaniki,Vivek Athreya,"['Nani', 'Nazriya Nazim', 'V.K. Naresh', 'Azhagam Perumal']",Telugu,Below Average,2022,0,0,0,0,0,0,1,1,0,0,0,0,0,0,7.6,7551,39.6,0
Rorschach,Nissam Basheer,"['Mammootty', 'Grace Antony', 'Jagadish', 'Bindu Panikkar']",Malayalam,Hit,2022,1,1,0,0,0,0,0,0,0,0,0,0,0,0,7,5293,39.2,1
The Warriorr,N. Linguswamy,"['Ram Pothineni', 'Aadhi', 'Krithi Shetty', 'Akshara Gowda']",Telugu,Flop,2022,1,0,0,0,1,0,0,0,1,0,0,0,0,0,4.8,1660,38.1,0
Naane Varuvean,K. Selvaraghavan,"['Dhanush', 'Prabhu', 'Indhuja Ravichandran', 'Elli Avrram']",Tamil,Flop,2022,1,1,0,0,0,0,0,0,0,0,1,0,0,0,6.2,4957,36.9,0
Gaalipata 2,Yograj Bhat,"['Ganesh', 'Diganth', 'Pawan Kumar', 'Pratheek Reddy']",Kannada,Blockbuster,2022,0,0,0,0,0,0,1,1,0,0,0,0,0,0,6.1,1459,35,1
CBI 5,K. Madhu,"['Mammootty', 'Jagathy Sreekumar', 'Mukesh', 'Anoop Menon']",Malayalam,Below Average,2022,0,1,0,0,0,0,0,0,1,0,0,0,0,0,5.6,3406,33.5,0
DJ Tillu,Vimal Krishna,"['Sidhu Jonnalagadda', 'Neha Shetty', 'Brahmaji', 'Narra Srinivas']",Telugu,Blockbuster,2022,1,0,0,0,0,0,0,1,1,0,0,0,0,0,7.2,3015,30.7,1
Yashoda,Haresh Narayan,"['K. Hari Shankar', 'Samantha Ruth Prabhu', 'Unni Mukundan', 'Varalaxmi Sarathkumar', 'Rao Ramesh']",Telugu,Average,2022,1,1,1,0,0,0,0,0,0,0,0,0,0,0,6.6,10824,30.1,0
Khiladi,Ramesh Varma,"['Ravi Teja', 'Arjun Sarja', 'Unni Mukundan', 'Meenakshii Chaudhary']",Telugu,Flop,2022,1,1,0,0,0,0,0,0,1,0,0,0,0,0,5.2,3678,25.6,0
Aaraattu,B. Unnikrishnan,"['Mohanlal', 'Nedumudi Venu', 'Vijayaraghavan', 'Siddique']",Malayalam,Flop,2022,1,0,0,0,1,0,0,0,0,0,0,0,0,0,3.9,9479,22.5,0
Love Mocktail 2,Darling Krishna,"['Darling Krishna', 'Milana Nagaraj', 'Rachel David', 'Amrutha Iyengar']",Kannada,Blockbuster,2022,0,0,0,0,1,0,1,0,0,0,0,0,0,0,7.5,2364,20.5,1
Pathaan,Siddharth Anand,"['Shah Rukh Khan', 'Deepika Padukone', 'John Abraham', 'Dimple Kapadia']",Hindi,All Time Blockbuster,2023,1,1,0,0,0,0,0,0,0,1,0,0,0,0,6.1,133032,1046.5,1
Varisu,Vamshi Paidipally,"['Joseph Vijay', 'Rashmika Mandanna', 'Shaam', 'Prabhu']",Tamil,Hit,2023,1,0,0,0,1,0,0,0,0,0,0,0,0,0,6.1,33330,292.8,1
Waltair Veerayya,K.S. Ravindra,"['Chiranjeevi', 'Ravi Teja', 'Shruti Haasan', 'Catherine Tresa']",Telugu,Blockbuster,2023,1,0,0,0,1,0,0,0,0,0,0,0,0,0,6.4,6511,223.3,1
Thunivu,H. Vinoth,"['Ajith Kumar', 'Manju Warrier', 'Samuthirakani', 'John Kokken']",Tamil,Hit,2023,1,0,0,0,0,0,0,0,1,1,0,0,0,0,6.1,27067,196.6,1
Veera Simha Reddy,Gopichand Malineni,"['Nandamuri Balakrishna', 'Shruti Haasan', 'Honey Rose', 'Duniya Vijay']",Telugu,Hit,2023,1,0,0,0,1,0,0,0,0,0,0,0,0,0,5,5685,126,1
Vaathi,Venky Atluri,"['Samyuktha Menon', 'Dhanush', 'Samuthirakani', 'Pammi Sai']",Tamil,Blockbuster,2023,1,0,0,0,1,0,0,0,0,0,0,0,0,0,7.4,5884,111.1,1
Romancham,Jithu Madhavan,"['Soubin Shahir', 'Arjun Ashokan', 'Chemban Vinod Jose', 'Sajin Gopu']",Malayalam,Blockbuster,2023,0,0,0,0,0,0,0,1,0,0,1,0,0,0,8.1,1637,66.8,1
Shehzada,Rohit Dhawan,"['Kartik Aaryan', 'Kriti Sanon', 'Paresh Rawal', 'Manisha Koirala']",Hindi,Disaster,2023,1,0,0,0,1,0,0,1,0,0,0,0,0,0,5.3,27155,51.5,0
Kranti,V. Harikrishna,"['Darshan Thoogudeep', 'Rachita Ram', 'V. Ravichandran', 'Sumalatha']",Kannada,Super Hit,2023,1,0,0,0,1,0,0,0,0,0,0,0,0,0,7.4,10092,45,1
Kabzaa,R. Chandru,"['Shivu Hiremath', 'Soori', 'Upendra', 'Sudeep', 'Shriya Saran', 'Shivarajkumar']",Kannada,Disaster,2023,1,0,0,0,1,0,0,0,1,0,0,0,0,0,7.7,13421,41.9,0
Balagam,Venu Yeldandi,"['Priyadarshi Pulikonda', 'Kavya Kalyanram', 'Kethiri Sudhakar Reddy', 'Kota Jayaram']",Telugu,Blockbuster,2023,0,0,0,0,1,0,0,0,0,0,0,0,0,0,8.3,1627,25.5,1
Das Ka Dhamki,Vishwak Sen,"['Vishwak Sen', 'Nivetha Pethuraj', 'Rao Ramesh', 'Aadi']",Telugu,Hit,2023,1,0,0,0,1,0,0,1,0,0,0,0,0,0,7,876,21.5,1